1,1,2
1,2,1
1,3,1
1,4,3
1,5,4
1,6,2
1,7,4
2,1,5
2,2,2
2,3,4
2,4,3
2,5,1
2,6,2
2,7,1
3,1,4
3,2,1
3,3,4
3,4,3
3,5,4
3,6,1
3,7,2
4,1,5
4,2,4
4,3,4
4,4,2
4,5,4
4,6,4
4,7,5
5,1,4
5,2,2
5,3,3
5,4,1
5,5,4
5,6,2
5,7,4
6,1,1
6,2,4
6,3,4
6,4,5
6,5,5
6,6,5
6,7,3
7,1,1
7,2,4
7,3,5
7,4,5
7,5,2
7,6,4
7,7,3
8,1,5
8,2,2
8,3,1
8,4,2
8,5,4
8,6,4
8,7,2
9,1,2
9,2,5
9,3,4
9,4,4
9,5,4
9,6,4
9,7,1
10,1,5
10,2,3
10,3,5
10,4,3
10,5,3
10,6,1
10,7,5
11,1,2
11,2,3
11,3,3
11,4,3
11,5,5
11,6,4
11,7,3
12,1,5
12,2,2
12,3,2
12,4,5
12,5,5
12,6,4
12,7,5
13,1,2
13,2,3
13,3,2
13,4,5
13,5,4
13,6,2
13,7,5
14,1,4
14,2,3
14,3,1
14,4,4
14,5,3
14,6,4
14,7,5
15,1,3
15,2,4
15,3,1
15,4,5
15,5,2
15,6,4
15,7,4
16,1,4
16,2,2
16,3,5
16,4,4
16,5,4
16,6,4
16,7,1
17,1,3
17,2,2
17,3,1
17,4,2
17,5,4
17,6,4
17,7,3
18,1,2
18,2,2
18,3,1
18,4,3
18,5,3
18,6,1
18,7,4
19,1,3
19,2,4
19,3,3
19,4,1
19,5,3
19,6,2
19,7,1
20,1,5
20,2,4
20,3,5
20,4,3
20,5,2
20,6,2
20,7,3
21,1,2
21,2,4
21,3,4
21,4,5
21,5,4
21,6,2
21,7,4
22,1,3
22,2,3
22,3,1
22,4,3
22,5,4
22,6,5
22,7,2
23,1,1
23,2,1
23,3,3
23,4,1
23,5,3
23,6,3
23,7,4
24,1,4
24,2,3
24,3,3
24,4,5
24,5,5
24,6,2
24,7,3
25,1,3
25,2,2
25,3,3
25,4,2
25,5,3
25,6,5
25,7,5
26,1,4
26,2,3
26,3,4
26,4,3
26,5,5
26,6,1
26,7,5
27,1,3
27,2,5
27,3,4
27,4,3
27,5,5
27,6,5
27,7,1
28,1,5
28,2,4
28,3,1
28,4,5
28,5,1
28,6,4
28,7,2
29,1,4
29,2,5
29,3,1
29,4,5
29,5,3
29,6,5
29,7,3
30,1,4
30,2,4
30,3,4
30,4,4
30,5,5
30,6,4
30,7,5
31,1,4
31,2,5
31,3,4
31,4,1
31,5,3
31,6,5
31,7,1
32,1,2
32,2,3
32,3,5
32,4,3
32,5,5
32,6,2
32,7,1
33,1,1
33,2,4
33,3,5
33,4,3
33,5,5
33,6,1
33,7,1
34,1,5
34,2,2
34,3,5
34,4,4
34,5,3
34,6,4
34,7,4
35,1,1
35,2,2
35,3,2
35,4,5
35,5,4
35,6,2
35,7,3
36,1,4
36,2,4
36,3,1
36,4,2
36,5,3
36,6,3
36,7,3
37,1,5
37,2,5
37,3,5
37,4,4
37,5,4
37,6,5
37,7,5
38,1,3
38,2,2
38,3,2
38,4,5
38,5,1
38,6,1
38,7,3
39,1,1
39,2,2
39,3,1
39,4,3
39,5,2
39,6,4
39,7,2
40,1,1
40,2,3
40,3,4
40,4,3
40,5,1
40,6,2
40,7,3
41,1,3
41,2,3
41,3,4
41,4,4
41,5,3
41,6,4
41,7,4
42,1,3
42,2,4
42,3,3
42,4,3
42,5,4
42,6,1
42,7,2
43,1,1
43,2,1
43,3,4
43,4,4
43,5,1
43,6,5
43,7,2
44,1,4
44,2,3
44,3,4
44,4,2
44,5,3
44,6,4
44,7,3
45,1,2
45,2,4
45,3,1
45,4,1
45,5,3
45,6,4
45,7,1
46,1,4
46,2,4
46,3,1
46,4,1
46,5,2
46,6,3
46,7,3
47,1,5
47,2,3
47,3,2
47,4,3
47,5,4
47,6,1
47,7,5
48,1,1
48,2,2
48,3,5
48,4,5
48,5,5
48,6,1
48,7,4
49,1,4
49,2,1
49,3,1
49,4,2
49,5,4
49,6,1
49,7,5
50,1,3
50,2,3
50,3,3
50,4,3
50,5,2
50,6,5
50,7,1
51,1,5
51,2,3
51,3,2
51,4,5
51,5,4
51,6,1
51,7,5
52,1,3
52,2,4
52,3,5
52,4,1
52,5,5
52,6,4
52,7,2
53,1,5
53,2,3
53,3,5
53,4,3
53,5,4
53,6,1
53,7,5
54,1,2
54,2,4
54,3,2
54,4,4
54,5,5
54,6,4
54,7,4
55,1,1
55,2,3
55,3,2
55,4,3
55,5,2
55,6,5
55,7,2
56,1,5
56,2,5
56,3,5
56,4,3
56,5,2
56,6,2
56,7,4
57,1,2
57,2,4
57,3,3
57,4,2
57,5,5
57,6,4
57,7,5
58,1,2
58,2,1
58,3,4
58,4,1
58,5,2
58,6,1
58,7,2
59,1,5
59,2,5
59,3,2
59,4,2
59,5,5
59,6,2
59,7,4
60,1,4
60,2,1
60,3,2
60,4,1
60,5,5
60,6,3
60,7,4
61,1,4
61,2,3
61,3,4
61,4,3
61,5,4
61,6,4
61,7,5
62,1,5
62,2,5
62,3,2
62,4,3
62,5,1
62,6,5
62,7,3
63,1,3
63,2,2
63,3,1
63,4,2
63,5,5
63,6,3
63,7,3
64,1,4
64,2,4
64,3,3
64,4,4
64,5,2
64,6,5
64,7,2
65,1,3
65,2,5
65,3,3
65,4,4
65,5,3
65,6,4
65,7,4
66,1,5
66,2,3
66,3,1
66,4,2
66,5,5
66,6,2
66,7,2
67,1,2
67,2,1
67,3,5
67,4,3
67,5,2
67,6,1
67,7,3
68,1,3
68,2,5
68,3,3
68,4,2
68,5,3
68,6,3
68,7,5
69,1,5
69,2,4
69,3,4
69,4,4
69,5,5
69,6,3
69,7,1
70,1,3
70,2,5
70,3,3
70,4,4
70,5,1
70,6,4
70,7,3
71,1,4
71,2,5
71,3,4
71,4,1
71,5,4
71,6,1
71,7,4
72,1,2
72,2,4
72,3,5
72,4,4
72,5,3
72,6,5
72,7,1
73,1,2
73,2,5
73,3,3
73,4,5
73,5,2
73,6,3
73,7,5
74,1,2
74,2,1
74,3,2
74,4,1
74,5,5
74,6,3
74,7,3
75,1,5
75,2,3
75,3,5
75,4,5
75,5,2
75,6,3
75,7,1
76,1,4
76,2,5
76,3,4
76,4,2
76,5,5
76,6,2
76,7,3
77,1,5
77,2,3
77,3,3
77,4,4
77,5,5
77,6,3
77,7,3
78,1,1
78,2,3
78,3,3
78,4,1
78,5,1
78,6,5
78,7,5
79,1,5
79,2,5
79,3,4
79,4,5
79,5,1
79,6,5
79,7,1
80,1,4
80,2,2
80,3,2
80,4,3
80,5,5
80,6,1
80,7,2
81,1,2
81,2,5
81,3,3
81,4,2
81,5,2
81,6,4
81,7,4
82,1,4
82,2,4
82,3,1
82,4,2
82,5,4
82,6,2
82,7,3
83,1,2
83,2,5
83,3,4
83,4,1
83,5,5
83,6,3
83,7,2
84,1,1
84,2,2
84,3,3
84,4,1
84,5,2
84,6,4
84,7,2
85,1,1
85,2,5
85,3,3
85,4,5
85,5,3
85,6,5
85,7,3
86,1,5
86,2,5
86,3,2
86,4,2
86,5,3
86,6,3
86,7,5
87,1,3
87,2,4
87,3,2
87,4,2
87,5,4
87,6,3
87,7,4
88,1,5
88,2,5
88,3,4
88,4,5
88,5,1
88,6,5
88,7,3
89,1,2
89,2,4
89,3,2
89,4,2
89,5,4
89,6,2
89,7,4
90,1,2
90,2,1
90,3,1
90,4,4
90,5,2
90,6,4
90,7,4
91,1,2
91,2,4
91,3,4
91,4,1
91,5,1
91,6,4
91,7,3
92,1,3
92,2,2
92,3,3
92,4,2
92,5,2
92,6,5
92,7,3
93,1,1
93,2,1
93,3,3
93,4,4
93,5,1
93,6,1
93,7,3
94,1,1
94,2,5
94,3,2
94,4,5
94,5,2
94,6,1
94,7,2
95,1,4
95,2,4
95,3,5
95,4,5
95,5,5
95,6,1
95,7,1
96,1,3
96,2,2
96,3,3
96,4,1
96,5,1
96,6,1
96,7,5
97,1,3
97,2,5
97,3,2
97,4,1
97,5,1
97,6,1
97,7,2
98,1,3
98,2,5
98,3,2
98,4,3
98,5,4
98,6,3
98,7,4
99,1,4
99,2,2
99,3,2
99,4,4
99,5,3
99,6,4
99,7,4
100,1,5
100,2,5
100,3,4
100,4,2
100,5,4
100,6,2
100,7,3
101,1,5
101,2,4
101,3,4
101,4,1
101,5,1
101,6,3
101,7,1
102,1,5
102,2,4
102,3,3
102,4,2
102,5,2
102,6,5
102,7,4
103,1,3
103,2,4
103,3,2
103,4,5
103,5,3
103,6,4
103,7,3
104,1,1
104,2,5
104,3,4
104,4,5
104,5,3
104,6,4
104,7,4
105,1,4
105,2,3
105,3,5
105,4,1
105,5,4
105,6,2
105,7,1
106,1,5
106,2,5
106,3,3
106,4,5
106,5,4
106,6,1
106,7,1
107,1,3
107,2,3
107,3,2
107,4,4
107,5,4
107,6,5
107,7,3
108,1,1
108,2,5
108,3,5
108,4,4
108,5,5
108,6,2
108,7,2
109,1,3
109,2,5
109,3,1
109,4,4
109,5,1
109,6,2
109,7,4
110,1,5
110,2,5
110,3,3
110,4,4
110,5,5
110,6,1
110,7,3
111,1,5
111,2,5
111,3,4
111,4,5
111,5,4
111,6,3
111,7,3
112,1,4
112,2,5
112,3,2
112,4,1
112,5,3
112,6,5
112,7,2
113,1,1
113,2,2
113,3,5
113,4,4
113,5,1
113,6,5
113,7,5
114,1,2
114,2,2
114,3,3
114,4,4
114,5,5
114,6,3
114,7,3
115,1,1
115,2,5
115,3,5
115,4,4
115,5,1
115,6,1
115,7,1
116,1,5
116,2,5
116,3,1
116,4,3
116,5,2
116,6,2
116,7,1
117,1,1
117,2,1
117,3,2
117,4,3
117,5,2
117,6,4
117,7,5
118,1,5
118,2,2
118,3,2
118,4,4
118,5,4
118,6,2
118,7,5
119,1,2
119,2,3
119,3,2
119,4,3
119,5,1
119,6,2
119,7,3
120,1,2
120,2,4
120,3,3
120,4,4
120,5,5
120,6,4
120,7,1
121,1,5
121,2,5
121,3,3
121,4,2
121,5,2
121,6,5
121,7,1
122,1,1
122,2,4
122,3,4
122,4,5
122,5,5
122,6,5
122,7,2
123,1,5
123,2,5
123,3,4
123,4,2
123,5,2
123,6,4
123,7,1
124,1,5
124,2,2
124,3,5
124,4,2
124,5,3
124,6,4
124,7,3
125,1,3
125,2,1
125,3,3
125,4,1
125,5,2
125,6,2
125,7,3
126,1,2
126,2,4
126,3,2
126,4,1
126,5,5
126,6,1
126,7,3
127,1,4
127,2,4
127,3,5
127,4,3
127,5,5
127,6,4
127,7,4
128,1,4
128,2,2
128,3,5
128,4,5
128,5,1
128,6,4
128,7,4
129,1,3
129,2,3
129,3,5
129,4,2
129,5,2
129,6,3
129,7,4
130,1,2
130,2,3
130,3,3
130,4,3
130,5,4
130,6,1
130,7,2
131,1,2
131,2,1
131,3,2
131,4,3
131,5,5
131,6,5
131,7,1
132,1,1
132,2,4
132,3,1
132,4,4
132,5,3
132,6,1
132,7,2
133,1,1
133,2,5
133,3,2
133,4,1
133,5,3
133,6,5
133,7,1
134,1,2
134,2,5
134,3,3
134,4,2
134,5,1
134,6,2
134,7,4
135,1,5
135,2,5
135,3,5
135,4,2
135,5,2
135,6,2
135,7,1
136,1,5
136,2,4
136,3,2
136,4,1
136,5,1
136,6,1
136,7,2
137,1,3
137,2,3
137,3,2
137,4,3
137,5,4
137,6,4
137,7,2
138,1,2
138,2,1
138,3,1
138,4,4
138,5,2
138,6,4
138,7,1
139,1,4
139,2,2
139,3,5
139,4,5
139,5,2
139,6,4
139,7,4
140,1,3
140,2,5
140,3,3
140,4,4
140,5,3
140,6,3
140,7,3
141,1,2
141,2,3
141,3,5
141,4,1
141,5,2
141,6,1
141,7,5
142,1,2
142,2,2
142,3,3
142,4,1
142,5,1
142,6,1
142,7,4
143,1,3
143,2,3
143,3,1
143,4,2
143,5,4
143,6,4
143,7,3
144,1,5
144,2,5
144,3,5
144,4,1
144,5,1
144,6,4
144,7,5
145,1,2
145,2,4
145,3,1
145,4,4
145,5,3
145,6,4
145,7,1
146,1,2
146,2,1
146,3,2
146,4,2
146,5,4
146,6,5
146,7,4
147,1,4
147,2,4
147,3,3
147,4,2
147,5,1
147,6,4
147,7,5
148,1,1
148,2,1
148,3,4
148,4,2
148,5,2
148,6,2
148,7,5
149,1,1
149,2,2
149,3,3
149,4,4
149,5,3
149,6,5
149,7,2
150,1,2
150,2,5
150,3,1
150,4,2
150,5,4
150,6,3
150,7,4
151,1,1
151,2,1
151,3,1
151,4,4
151,5,4
151,6,5
151,7,2
152,1,5
152,2,5
152,3,5
152,4,4
152,5,3
152,6,3
152,7,5
153,1,3
153,2,1
153,3,1
153,4,1
153,5,4
153,6,5
153,7,4
154,1,5
154,2,4
154,3,5
154,4,2
154,5,3
154,6,3
154,7,4
155,1,3
155,2,3
155,3,1
155,4,5
155,5,1
155,6,4
155,7,3
156,1,2
156,2,5
156,3,2
156,4,3
156,5,5
156,6,1
156,7,3
157,1,1
157,2,2
157,3,3
157,4,5
157,5,5
157,6,3
157,7,4
158,1,5
158,2,4
158,3,2
158,4,3
158,5,5
158,6,3
158,7,5
159,1,4
159,2,4
159,3,1
159,4,3
159,5,4
159,6,3
159,7,1
160,1,5
160,2,5
160,3,1
160,4,2
160,5,3
160,6,5
160,7,5
161,1,1
161,2,1
161,3,4
161,4,1
161,5,5
161,6,3
161,7,4
162,1,2
162,2,3
162,3,1
162,4,1
162,5,4
162,6,1
162,7,3
163,1,3
163,2,3
163,3,3
163,4,4
163,5,1
163,6,3
163,7,3
164,1,3
164,2,3
164,3,5
164,4,4
164,5,3
164,6,5
164,7,1
165,1,3
165,2,5
165,3,5
165,4,3
165,5,5
165,6,5
165,7,1
166,1,1
166,2,2
166,3,4
166,4,4
166,5,4
166,6,3
166,7,1
167,1,5
167,2,5
167,3,2
167,4,1
167,5,3
167,6,1
167,7,1
168,1,4
168,2,2
168,3,3
168,4,3
168,5,3
168,6,5
168,7,2
169,1,5
169,2,2
169,3,5
169,4,1
169,5,3
169,6,1
169,7,5
170,1,2
170,2,1
170,3,4
170,4,1
170,5,5
170,6,5
170,7,4
171,1,2
171,2,1
171,3,2
171,4,5
171,5,5
171,6,2
171,7,3
172,1,3
172,2,5
172,3,2
172,4,2
172,5,1
172,6,2
172,7,5
173,1,2
173,2,5
173,3,4
173,4,2
173,5,4
173,6,4
173,7,2
174,1,1
174,2,4
174,3,3
174,4,2
174,5,5
174,6,5
174,7,4
175,1,3
175,2,4
175,3,1
175,4,1
175,5,2
175,6,2
175,7,2
176,1,1
176,2,5
176,3,4
176,4,3
176,5,1
176,6,1
176,7,5
177,1,2
177,2,4
177,3,5
177,4,2
177,5,2
177,6,5
177,7,1
178,1,3
178,2,4
178,3,5
178,4,4
178,5,1
178,6,2
178,7,2
179,1,1
179,2,3
179,3,4
179,4,1
179,5,3
179,6,4
179,7,1
180,1,4
180,2,2
180,3,3
180,4,4
180,5,3
180,6,5
180,7,5
181,1,1
181,2,3
181,3,2
181,4,5
181,5,4
181,6,4
181,7,3
182,1,5
182,2,2
182,3,5
182,4,4
182,5,4
182,6,2
182,7,1
183,1,3
183,2,3
183,3,5
183,4,4
183,5,5
183,6,3
183,7,5
184,1,4
184,2,3
184,3,5
184,4,3
184,5,2
184,6,4
184,7,1
185,1,5
185,2,3
185,3,5
185,4,4
185,5,3
185,6,2
185,7,2
186,1,1
186,2,5
186,3,1
186,4,5
186,5,3
186,6,3
186,7,1
187,1,5
187,2,1
187,3,2
187,4,5
187,5,3
187,6,2
187,7,5
188,1,2
188,2,5
188,3,1
188,4,3
188,5,2
188,6,1
188,7,3
189,1,2
189,2,1
189,3,3
189,4,4
189,5,1
189,6,2
189,7,3
190,1,1
190,2,5
190,3,1
190,4,3
190,5,5
190,6,5
190,7,2
191,1,4
191,2,2
191,3,2
191,4,5
191,5,5
191,6,3
191,7,5
192,1,4
192,2,3
192,3,2
192,4,2
192,5,4
192,6,5
192,7,4
193,1,3
193,2,5
193,3,4
193,4,4
193,5,1
193,6,2
193,7,5
194,1,1
194,2,3
194,3,5
194,4,5
194,5,3
194,6,3
194,7,3
195,1,3
195,2,3
195,3,1
195,4,1
195,5,4
195,6,5
195,7,2
196,1,2
196,2,4
196,3,4
196,4,3
196,5,3
196,6,5
196,7,3
197,1,3
197,2,5
197,3,2
197,4,1
197,5,1
197,6,2
197,7,4
198,1,4
198,2,4
198,3,2
198,4,3
198,5,5
198,6,1
198,7,1
199,1,4
199,2,2
199,3,2
199,4,4
199,5,1
199,6,5
199,7,2
200,1,4
200,2,3
200,3,2
200,4,5
200,5,1
200,6,1
200,7,3
201,1,1
201,2,2
201,3,5
201,4,5
201,5,4
201,6,2
201,7,2
202,1,2
202,2,1
202,3,5
202,4,5
202,5,3
202,6,3
202,7,1
203,1,3
203,2,4
203,3,5
203,4,3
203,5,1
203,6,2
203,7,3
204,1,3
204,2,5
204,3,1
204,4,5
204,5,5
204,6,4
204,7,4
205,1,5
205,2,1
205,3,2
205,4,5
205,5,3
205,6,1
205,7,4
206,1,5
206,2,3
206,3,3
206,4,5
206,5,5
206,6,2
206,7,2
207,1,5
207,2,4
207,3,2
207,4,1
207,5,2
207,6,5
207,7,4
208,1,5
208,2,1
208,3,2
208,4,5
208,5,2
208,6,2
208,7,5
209,1,1
209,2,1
209,3,4
209,4,4
209,5,3
209,6,4
209,7,2
210,1,3
210,2,3
210,3,3
210,4,3
210,5,2
210,6,2
210,7,5
211,1,3
211,2,4
211,3,5
211,4,2
211,5,4
211,6,3
211,7,2
212,1,5
212,2,2
212,3,3
212,4,4
212,5,4
212,6,3
212,7,2
213,1,3
213,2,4
213,3,3
213,4,4
213,5,2
213,6,4
213,7,1
214,1,5
214,2,4
214,3,1
214,4,1
214,5,1
214,6,5
214,7,4
215,1,3
215,2,5
215,3,2
215,4,4
215,5,5
215,6,5
215,7,4
216,1,1
216,2,2
216,3,5
216,4,3
216,5,5
216,6,1
216,7,1
217,1,2
217,2,4
217,3,4
217,4,1
217,5,1
217,6,4
217,7,3
218,1,5
218,2,1
218,3,4
218,4,3
218,5,1
218,6,1
218,7,5
219,1,1
219,2,1
219,3,5
219,4,1
219,5,1
219,6,3
219,7,2
220,1,5
220,2,1
220,3,5
220,4,4
220,5,2
220,6,1
220,7,2
221,1,4
221,2,2
221,3,5
221,4,4
221,5,2
221,6,5
221,7,1
222,1,1
222,2,2
222,3,3
222,4,3
222,5,1
222,6,3
222,7,4
223,1,2
223,2,1
223,3,3
223,4,3
223,5,1
223,6,2
223,7,1
224,1,2
224,2,4
224,3,3
224,4,5
224,5,1
224,6,3
224,7,5
225,1,1
225,2,5
225,3,1
225,4,2
225,5,3
225,6,1
225,7,1
226,1,3
226,2,3
226,3,1
226,4,1
226,5,2
226,6,5
226,7,5
227,1,5
227,2,3
227,3,4
227,4,5
227,5,3
227,6,5
227,7,4
228,1,5
228,2,2
228,3,5
228,4,2
228,5,2
228,6,2
228,7,2
229,1,2
229,2,4
229,3,1
229,4,1
229,5,3
229,6,4
229,7,2
230,1,5
230,2,5
230,3,4
230,4,3
230,5,5
230,6,2
230,7,4
231,1,5
231,2,1
231,3,1
231,4,4
231,5,2
231,6,4
231,7,3
232,1,2
232,2,1
232,3,5
232,4,1
232,5,4
232,6,1
232,7,3
233,1,5
233,2,2
233,3,3
233,4,1
233,5,1
233,6,1
233,7,2
234,1,2
234,2,1
234,3,4
234,4,3
234,5,2
234,6,2
234,7,4
235,1,3
235,2,4
235,3,2
235,4,5
235,5,4
235,6,2
235,7,2
236,1,1
236,2,3
236,3,4
236,4,2
236,5,5
236,6,2
236,7,1
237,1,5
237,2,3
237,3,4
237,4,2
237,5,3
237,6,2
237,7,2
238,1,1
238,2,3
238,3,3
238,4,1
238,5,4
238,6,3
238,7,5
239,1,5
239,2,3
239,3,2
239,4,2
239,5,3
239,6,1
239,7,5
240,1,1
240,2,5
240,3,2
240,4,5
240,5,1
240,6,2
240,7,2
241,1,1
241,2,3
241,3,3
241,4,1
241,5,3
241,6,3
241,7,1
242,1,1
242,2,3
242,3,5
242,4,4
242,5,2
242,6,5
242,7,3
243,1,4
243,2,5
243,3,2
243,4,1
243,5,5
243,6,3
243,7,1
244,1,4
244,2,2
244,3,1
244,4,5
244,5,4
244,6,4
244,7,3
245,1,3
245,2,3
245,3,2
245,4,1
245,5,1
245,6,1
245,7,3
246,1,2
246,2,4
246,3,2
246,4,5
246,5,1
246,6,5
246,7,2
247,1,5
247,2,3
247,3,1
247,4,4
247,5,3
247,6,3
247,7,4
248,1,4
248,2,5
248,3,5
248,4,3
248,5,3
248,6,5
248,7,2
249,1,5
249,2,3
249,3,5
249,4,1
249,5,3
249,6,4
249,7,2
250,1,3
250,2,5
250,3,4
250,4,4
250,5,1
250,6,4
250,7,2
251,1,5
251,2,3
251,3,4
251,4,1
251,5,2
251,6,1
251,7,3
252,1,4
252,2,2
252,3,1
252,4,2
252,5,3
252,6,3
252,7,1
253,1,4
253,2,2
253,3,2
253,4,5
253,5,3
253,6,2
253,7,2
254,1,1
254,2,2
254,3,3
254,4,3
254,5,2
254,6,3
254,7,1
255,1,2
255,2,3
255,3,2
255,4,1
255,5,4
255,6,4
255,7,3
256,1,4
256,2,5
256,3,1
256,4,4
256,5,5
256,6,3
256,7,2
257,1,1
257,2,1
257,3,2
257,4,4
257,5,3
257,6,1
257,7,2
258,1,4
258,2,1
258,3,1
258,4,2
258,5,3
258,6,5
258,7,3
259,1,2
259,2,4
259,3,3
259,4,1
259,5,3
259,6,3
259,7,3
260,1,2
260,2,5
260,3,5
260,4,2
260,5,1
260,6,2
260,7,5
261,1,4
261,2,5
261,3,3
261,4,1
261,5,5
261,6,1
261,7,5
262,1,4
262,2,2
262,3,5
262,4,3
262,5,5
262,6,3
262,7,1
263,1,5
263,2,3
263,3,2
263,4,1
263,5,5
263,6,2
263,7,1
264,1,1
264,2,1
264,3,2
264,4,3
264,5,5
264,6,4
264,7,5
265,1,4
265,2,2
265,3,5
265,4,3
265,5,2
265,6,4
265,7,5
266,1,4
266,2,3
266,3,4
266,4,1
266,5,4
266,6,5
266,7,5
267,1,5
267,2,1
267,3,4
267,4,4
267,5,5
267,6,5
267,7,5
268,1,2
268,2,2
268,3,4
268,4,2
268,5,3
268,6,4
268,7,4
269,1,3
269,2,5
269,3,4
269,4,2
269,5,5
269,6,4
269,7,2
270,1,4
270,2,4
270,3,5
270,4,5
270,5,5
270,6,2
270,7,1
271,1,4
271,2,3
271,3,1
271,4,4
271,5,3
271,6,2
271,7,5
272,1,1
272,2,5
272,3,2
272,4,1
272,5,3
272,6,5
272,7,5
273,1,3
273,2,1
273,3,4
273,4,2
273,5,1
273,6,2
273,7,2
274,1,4
274,2,4
274,3,5
274,4,5
274,5,1
274,6,4
274,7,5
275,1,2
275,2,1
275,3,1
275,4,4
275,5,1
275,6,4
275,7,3
276,1,4
276,2,3
276,3,1
276,4,3
276,5,5
276,6,5
276,7,5
277,1,4
277,2,3
277,3,1
277,4,3
277,5,4
277,6,3
277,7,5
278,1,2
278,2,1
278,3,1
278,4,1
278,5,2
278,6,4
278,7,1
279,1,2
279,2,4
279,3,3
279,4,5
279,5,3
279,6,2
279,7,3
280,1,5
280,2,5
280,3,2
280,4,3
280,5,3
280,6,1
280,7,4
281,1,5
281,2,2
281,3,5
281,4,5
281,5,2
281,6,5
281,7,5
282,1,5
282,2,2
282,3,1
282,4,1
282,5,3
282,6,3
282,7,1
283,1,1
283,2,4
283,3,4
283,4,2
283,5,4
283,6,5
283,7,1
284,1,2
284,2,5
284,3,4
284,4,2
284,5,2
284,6,4
284,7,2
285,1,5
285,2,3
285,3,5
285,4,5
285,5,4
285,6,2
285,7,2
286,1,4
286,2,4
286,3,2
286,4,5
286,5,5
286,6,1
286,7,3
287,1,2
287,2,2
287,3,2
287,4,1
287,5,1
287,6,3
287,7,4
288,1,1
288,2,1
288,3,1
288,4,2
288,5,3
288,6,2
288,7,1
289,1,3
289,2,1
289,3,3
289,4,5
289,5,3
289,6,5
289,7,1
290,1,3
290,2,1
290,3,4
290,4,1
290,5,3
290,6,2
290,7,5
291,1,4
291,2,2
291,3,1
291,4,1
291,5,2
291,6,4
291,7,1
292,1,1
292,2,2
292,3,4
292,4,2
292,5,2
292,6,5
292,7,5
293,1,2
293,2,2
293,3,1
293,4,1
293,5,2
293,6,1
293,7,3
294,1,4
294,2,2
294,3,3
294,4,2
294,5,1
294,6,5
294,7,5
295,1,4
295,2,4
295,3,4
295,4,1
295,5,4
295,6,5
295,7,4
296,1,1
296,2,3
296,3,5
296,4,1
296,5,4
296,6,5
296,7,4
297,1,1
297,2,4
297,3,1
297,4,4
297,5,3
297,6,3
297,7,5
298,1,4
298,2,4
298,3,4
298,4,1
298,5,1
298,6,4
298,7,4
299,1,4
299,2,3
299,3,3
299,4,1
299,5,5
299,6,2
299,7,4
300,1,2
300,2,2
300,3,3
300,4,3
300,5,4
300,6,2
300,7,5
301,1,3
301,2,1
301,3,1
301,4,2
301,5,4
301,6,5
301,7,1
302,1,1
302,2,1
302,3,5
302,4,2
302,5,4
302,6,2
302,7,3
303,1,3
303,2,1
303,3,5
303,4,1
303,5,2
303,6,5
303,7,1
304,1,5
304,2,3
304,3,1
304,4,5
304,5,5
304,6,1
304,7,2
305,1,4
305,2,4
305,3,4
305,4,4
305,5,1
305,6,5
305,7,5
306,1,5
306,2,5
306,3,5
306,4,4
306,5,5
306,6,4
306,7,1
307,1,5
307,2,2
307,3,4
307,4,3
307,5,2
307,6,2
307,7,3
308,1,5
308,2,2
308,3,3
308,4,5
308,5,5
308,6,2
308,7,2
309,1,2
309,2,3
309,3,1
309,4,2
309,5,5
309,6,4
309,7,5
310,1,5
310,2,5
310,3,3
310,4,3
310,5,2
310,6,3
310,7,1
311,1,1
311,2,4
311,3,3
311,4,5
311,5,2
311,6,1
311,7,5
312,1,3
312,2,5
312,3,4
312,4,1
312,5,2
312,6,5
312,7,1
313,1,1
313,2,3
313,3,2
313,4,2
313,5,4
313,6,3
313,7,3
314,1,1
314,2,4
314,3,4
314,4,4
314,5,1
314,6,3
314,7,5
315,1,1
315,2,4
315,3,1
315,4,2
315,5,3
315,6,3
315,7,4
316,1,3
316,2,1
316,3,2
316,4,4
316,5,1
316,6,2
316,7,5
317,1,1
317,2,5
317,3,1
317,4,3
317,5,2
317,6,5
317,7,2
318,1,3
318,2,3
318,3,1
318,4,5
318,5,3
318,6,3
318,7,3
319,1,1
319,2,5
319,3,5
319,4,2
319,5,1
319,6,4
319,7,2
320,1,4
320,2,4
320,3,4
320,4,4
320,5,2
320,6,1
320,7,5
321,1,3
321,2,5
321,3,4
321,4,1
321,5,5
321,6,1
321,7,4
322,1,2
322,2,2
322,3,3
322,4,4
322,5,4
322,6,2
322,7,1
323,1,3
323,2,2
323,3,4
323,4,2
323,5,5
323,6,5
323,7,4
324,1,2
324,2,4
324,3,4
324,4,1
324,5,2
324,6,1
324,7,1
325,1,2
325,2,5
325,3,1
325,4,5
325,5,4
325,6,1
325,7,1
326,1,1
326,2,3
326,3,4
326,4,1
326,5,1
326,6,1
326,7,1
327,1,4
327,2,3
327,3,2
327,4,2
327,5,5
327,6,3
327,7,5
328,1,1
328,2,4
328,3,5
328,4,2
328,5,2
328,6,3
328,7,5
329,1,2
329,2,5
329,3,4
329,4,4
329,5,5
329,6,2
329,7,4
330,1,1
330,2,2
330,3,5
330,4,3
330,5,2
330,6,3
330,7,4
331,1,1
331,2,5
331,3,3
331,4,1
331,5,1
331,6,2
331,7,3
332,1,2
332,2,4
332,3,4
332,4,5
332,5,2
332,6,1
332,7,2
333,1,3
333,2,5
333,3,3
333,4,1
333,5,1
333,6,1
333,7,1
334,1,3
334,2,5
334,3,4
334,4,1
334,5,4
334,6,1
334,7,2
335,1,3
335,2,1
335,3,2
335,4,3
335,5,2
335,6,5
335,7,5
336,1,3
336,2,4
336,3,3
336,4,2
336,5,3
336,6,5
336,7,4
337,1,2
337,2,3
337,3,2
337,4,3
337,5,1
337,6,4
337,7,3
338,1,4
338,2,2
338,3,3
338,4,5
338,5,1
338,6,4
338,7,2
339,1,3
339,2,3
339,3,5
339,4,5
339,5,4
339,6,1
339,7,1
340,1,4
340,2,3
340,3,4
340,4,5
340,5,3
340,6,5
340,7,5
341,1,4
341,2,1
341,3,4
341,4,3
341,5,4
341,6,3
341,7,4
342,1,2
342,2,3
342,3,4
342,4,2
342,5,2
342,6,2
342,7,4
343,1,5
343,2,5
343,3,1
343,4,4
343,5,5
343,6,2
343,7,4
344,1,5
344,2,3
344,3,1
344,4,1
344,5,1
344,6,4
344,7,4
345,1,3
345,2,2
345,3,5
345,4,4
345,5,1
345,6,4
345,7,3
346,1,3
346,2,5
346,3,4
346,4,4
346,5,5
346,6,4
346,7,5
347,1,5
347,2,5
347,3,5
347,4,2
347,5,2
347,6,3
347,7,5
348,1,1
348,2,4
348,3,3
348,4,5
348,5,5
348,6,3
348,7,3
349,1,1
349,2,3
349,3,3
349,4,1
349,5,4
349,6,2
349,7,5
350,1,2
350,2,3
350,3,3
350,4,3
350,5,5
350,6,3
350,7,5
351,1,3
351,2,3
351,3,5
351,4,2
351,5,3
351,6,2
351,7,4
352,1,5
352,2,2
352,3,2
352,4,2
352,5,5
352,6,2
352,7,3
353,1,3
353,2,5
353,3,1
353,4,4
353,5,2
353,6,2
353,7,4
354,1,5
354,2,2
354,3,4
354,4,4
354,5,1
354,6,3
354,7,3
355,1,2
355,2,4
355,3,5
355,4,4
355,5,1
355,6,1
355,7,5
356,1,5
356,2,3
356,3,4
356,4,3
356,5,2
356,6,2
356,7,3
357,1,4
357,2,5
357,3,4
357,4,2
357,5,1
357,6,5
357,7,5
358,1,5
358,2,2
358,3,4
358,4,1
358,5,2
358,6,4
358,7,3
359,1,3
359,2,4
359,3,3
359,4,1
359,5,2
359,6,1
359,7,2
360,1,4
360,2,5
360,3,3
360,4,4
360,5,2
360,6,2
360,7,2
361,1,3
361,2,4
361,3,5
361,4,4
361,5,3
361,6,4
361,7,1
362,1,1
362,2,1
362,3,5
362,4,5
362,5,4
362,6,3
362,7,2
363,1,3
363,2,3
363,3,4
363,4,5
363,5,3
363,6,4
363,7,3
364,1,5
364,2,3
364,3,3
364,4,3
364,5,2
364,6,1
364,7,5
365,1,4
365,2,2
365,3,5
365,4,2
365,5,5
365,6,1
365,7,1
366,1,3
366,2,3
366,3,3
366,4,4
366,5,3
366,6,1
366,7,4
367,1,1
367,2,5
367,3,4
367,4,5
367,5,4
367,6,5
367,7,3
368,1,3
368,2,5
368,3,4
368,4,5
368,5,3
368,6,2
368,7,2
369,1,4
369,2,3
369,3,2
369,4,2
369,5,5
369,6,1
369,7,4
370,1,5
370,2,5
370,3,1
370,4,4
370,5,4
370,6,2
370,7,5
371,1,2
371,2,5
371,3,4
371,4,4
371,5,5
371,6,2
371,7,4
372,1,1
372,2,4
372,3,4
372,4,4
372,5,1
372,6,2
372,7,1
373,1,1
373,2,4
373,3,4
373,4,4
373,5,2
373,6,3
373,7,2
374,1,1
374,2,5
374,3,2
374,4,1
374,5,2
374,6,5
374,7,5
375,1,3
375,2,1
375,3,2
375,4,5
375,5,3
375,6,5
375,7,2
376,1,2
376,2,1
376,3,4
376,4,1
376,5,1
376,6,5
376,7,5
377,1,1
377,2,3
377,3,2
377,4,1
377,5,3
377,6,3
377,7,3
378,1,2
378,2,1
378,3,2
378,4,5
378,5,2
378,6,4
378,7,3
379,1,2
379,2,3
379,3,2
379,4,3
379,5,4
379,6,4
379,7,4
380,1,4
380,2,2
380,3,5
380,4,3
380,5,2
380,6,3
380,7,5
381,1,4
381,2,3
381,3,4
381,4,4
381,5,2
381,6,1
381,7,4
382,1,2
382,2,1
382,3,2
382,4,4
382,5,4
382,6,3
382,7,1
383,1,1
383,2,1
383,3,3
383,4,1
383,5,4
383,6,2
383,7,1
384,1,5
384,2,4
384,3,2
384,4,3
384,5,2
384,6,5
384,7,2
385,1,5
385,2,2
385,3,3
385,4,5
385,5,2
385,6,4
385,7,4
386,1,1
386,2,4
386,3,5
386,4,2
386,5,2
386,6,2
386,7,2
387,1,4
387,2,1
387,3,3
387,4,4
387,5,3
387,6,3
387,7,5
388,1,4
388,2,4
388,3,4
388,4,2
388,5,3
388,6,1
388,7,5
389,1,4
389,2,3
389,3,4
389,4,2
389,5,5
389,6,4
389,7,2
390,1,3
390,2,1
390,3,3
390,4,2
390,5,4
390,6,5
390,7,1
391,1,3
391,2,5
391,3,1
391,4,1
391,5,4
391,6,3
391,7,3
392,1,5
392,2,2
392,3,4
392,4,5
392,5,3
392,6,5
392,7,5
393,1,4
393,2,2
393,3,1
393,4,4
393,5,5
393,6,4
393,7,3
394,1,2
394,2,1
394,3,5
394,4,5
394,5,4
394,6,4
394,7,2
395,1,2
395,2,2
395,3,5
395,4,3
395,5,3
395,6,5
395,7,5
396,1,3
396,2,4
396,3,3
396,4,3
396,5,2
396,6,3
396,7,1
397,1,5
397,2,4
397,3,2
397,4,1
397,5,1
397,6,5
397,7,2
398,1,3
398,2,5
398,3,3
398,4,5
398,5,2
398,6,2
398,7,4
399,1,1
399,2,5
399,3,4
399,4,3
399,5,3
399,6,5
399,7,5
400,1,4
400,2,3
400,3,3
400,4,3
400,5,3
400,6,1
400,7,3
401,1,1
401,2,5
401,3,3
401,4,2
401,5,1
401,6,3
401,7,3
402,1,1
402,2,1
402,3,3
402,4,5
402,5,5
402,6,5
402,7,4
403,1,2
403,2,5
403,3,4
403,4,1
403,5,5
403,6,5
403,7,1
404,1,3
404,2,2
404,3,4
404,4,5
404,5,4
404,6,1
404,7,1
405,1,5
405,2,3
405,3,2
405,4,1
405,5,4
405,6,1
405,7,2
406,1,2
406,2,5
406,3,1
406,4,1
406,5,5
406,6,5
406,7,1
407,1,4
407,2,1
407,3,5
407,4,3
407,5,2
407,6,5
407,7,3
408,1,5
408,2,3
408,3,2
408,4,2
408,5,5
408,6,4
408,7,1
409,1,4
409,2,2
409,3,5
409,4,5
409,5,5
409,6,5
409,7,4
410,1,4
410,2,1
410,3,5
410,4,3
410,5,4
410,6,5
410,7,3
411,1,1
411,2,2
411,3,3
411,4,5
411,5,4
411,6,3
411,7,5
412,1,2
412,2,2
412,3,4
412,4,2
412,5,3
412,6,2
412,7,2
413,1,4
413,2,2
413,3,2
413,4,2
413,5,1
413,6,4
413,7,4
414,1,5
414,2,1
414,3,4
414,4,4
414,5,1
414,6,4
414,7,2
415,1,4
415,2,3
415,3,1
415,4,4
415,5,4
415,6,5
415,7,3
416,1,2
416,2,5
416,3,2
416,4,5
416,5,5
416,6,1
416,7,5
417,1,2
417,2,5
417,3,3
417,4,3
417,5,5
417,6,5
417,7,5
418,1,2
418,2,5
418,3,3
418,4,1
418,5,4
418,6,5
418,7,5
419,1,2
419,2,3
419,3,2
419,4,5
419,5,5
419,6,2
419,7,1
420,1,3
420,2,5
420,3,5
420,4,5
420,5,2
420,6,3
420,7,2
421,1,1
421,2,3
421,3,3
421,4,4
421,5,5
421,6,5
421,7,5
422,1,5
422,2,4
422,3,4
422,4,1
422,5,5
422,6,3
422,7,4
423,1,2
423,2,5
423,3,1
423,4,3
423,5,5
423,6,4
423,7,2
424,1,5
424,2,4
424,3,1
424,4,4
424,5,1
424,6,5
424,7,1
425,1,5
425,2,1
425,3,1
425,4,1
425,5,1
425,6,3
425,7,1
426,1,1
426,2,1
426,3,1
426,4,5
426,5,5
426,6,4
426,7,3
427,1,3
427,2,5
427,3,5
427,4,3
427,5,2
427,6,1
427,7,1
428,1,5
428,2,1
428,3,3
428,4,2
428,5,4
428,6,1
428,7,1
429,1,1
429,2,2
429,3,5
429,4,1
429,5,1
429,6,3
429,7,2
430,1,2
430,2,1
430,3,5
430,4,1
430,5,2
430,6,5
430,7,4
431,1,1
431,2,3
431,3,4
431,4,2
431,5,4
431,6,2
431,7,5
432,1,3
432,2,5
432,3,2
432,4,2
432,5,2
432,6,2
432,7,4
433,1,2
433,2,2
433,3,1
433,4,2
433,5,1
433,6,5
433,7,2
434,1,1
434,2,1
434,3,3
434,4,4
434,5,2
434,6,5
434,7,2
435,1,1
435,2,3
435,3,2
435,4,1
435,5,1
435,6,3
435,7,2
436,1,3
436,2,5
436,3,5
436,4,5
436,5,5
436,6,5
436,7,5
437,1,4
437,2,5
437,3,1
437,4,3
437,5,2
437,6,4
437,7,4
438,1,3
438,2,2
438,3,1
438,4,5
438,5,1
438,6,2
438,7,2
439,1,5
439,2,5
439,3,5
439,4,2
439,5,4
439,6,5
439,7,2
440,1,1
440,2,1
440,3,4
440,4,5
440,5,1
440,6,1
440,7,5
441,1,2
441,2,4
441,3,5
441,4,4
441,5,5
441,6,3
441,7,3
442,1,4
442,2,2
442,3,5
442,4,5
442,5,2
442,6,2
442,7,2
443,1,3
443,2,1
443,3,3
443,4,4
443,5,1
443,6,4
443,7,1
444,1,5
444,2,1
444,3,1
444,4,2
444,5,2
444,6,3
444,7,3
445,1,4
445,2,2
445,3,5
445,4,3
445,5,1
445,6,5
445,7,5
446,1,5
446,2,5
446,3,3
446,4,4
446,5,1
446,6,2
446,7,1
447,1,2
447,2,4
447,3,2
447,4,5
447,5,3
447,6,1
447,7,2
448,1,5
448,2,5
448,3,4
448,4,2
448,5,4
448,6,5
448,7,3
449,1,2
449,2,5
449,3,3
449,4,5
449,5,4
449,6,5
449,7,3
450,1,5
450,2,2
450,3,5
450,4,5
450,5,4
450,6,2
450,7,1
451,1,1
451,2,1
451,3,4
451,4,1
451,5,2
451,6,5
451,7,3
452,1,3
452,2,4
452,3,3
452,4,3
452,5,2
452,6,2
452,7,4
453,1,4
453,2,1
453,3,2
453,4,4
453,5,4
453,6,4
453,7,5
454,1,2
454,2,4
454,3,1
454,4,5
454,5,4
454,6,2
454,7,4
455,1,1
455,2,3
455,3,3
455,4,1
455,5,1
455,6,5
455,7,2
456,1,4
456,2,4
456,3,3
456,4,5
456,5,1
456,6,2
456,7,3
457,1,4
457,2,3
457,3,4
457,4,3
457,5,5
457,6,3
457,7,4
458,1,3
458,2,5
458,3,3
458,4,2
458,5,5
458,6,3
458,7,3
459,1,4
459,2,3
459,3,4
459,4,1
459,5,3
459,6,2
459,7,3
460,1,4
460,2,2
460,3,4
460,4,2
460,5,1
460,6,3
460,7,4
461,1,4
461,2,1
461,3,5
461,4,3
461,5,4
461,6,4
461,7,5
462,1,1
462,2,4
462,3,2
462,4,1
462,5,3
462,6,3
462,7,4
463,1,4
463,2,3
463,3,3
463,4,5
463,5,2
463,6,5
463,7,5
464,1,1
464,2,2
464,3,4
464,4,2
464,5,3
464,6,3
464,7,4
465,1,5
465,2,2
465,3,3
465,4,2
465,5,1
465,6,4
465,7,4
466,1,5
466,2,1
466,3,1
466,4,5
466,5,1
466,6,5
466,7,3
467,1,1
467,2,1
467,3,2
467,4,3
467,5,1
467,6,2
467,7,1
468,1,1
468,2,5
468,3,1
468,4,2
468,5,4
468,6,5
468,7,4
469,1,5
469,2,5
469,3,2
469,4,2
469,5,4
469,6,3
469,7,5
470,1,3
470,2,4
470,3,5
470,4,1
470,5,4
470,6,3
470,7,3
471,1,1
471,2,3
471,3,1
471,4,1
471,5,4
471,6,4
471,7,4
472,1,1
472,2,2
472,3,5
472,4,1
472,5,1
472,6,1
472,7,3
473,1,4
473,2,4
473,3,4
473,4,5
473,5,4
473,6,1
473,7,3
474,1,4
474,2,4
474,3,1
474,4,1
474,5,4
474,6,2
474,7,2
475,1,2
475,2,1
475,3,2
475,4,2
475,5,3
475,6,1
475,7,2
476,1,2
476,2,1
476,3,1
476,4,2
476,5,2
476,6,5
476,7,5
477,1,1
477,2,3
477,3,3
477,4,4
477,5,5
477,6,3
477,7,3
478,1,3
478,2,4
478,3,1
478,4,5
478,5,4
478,6,5
478,7,3
479,1,3
479,2,1
479,3,4
479,4,5
479,5,1
479,6,5
479,7,2
480,1,4
480,2,5
480,3,5
480,4,2
480,5,5
480,6,5
480,7,3
481,1,1
481,2,5
481,3,4
481,4,1
481,5,3
481,6,1
481,7,1
482,1,5
482,2,2
482,3,3
482,4,3
482,5,5
482,6,3
482,7,3
483,1,2
483,2,1
483,3,2
483,4,4
483,5,2
483,6,1
483,7,2
484,1,2
484,2,3
484,3,3
484,4,2
484,5,3
484,6,3
484,7,4
485,1,3
485,2,2
485,3,1
485,4,5
485,5,3
485,6,3
485,7,4
486,1,3
486,2,4
486,3,2
486,4,2
486,5,3
486,6,3
486,7,2
487,1,4
487,2,1
487,3,3
487,4,2
487,5,5
487,6,2
487,7,2
488,1,5
488,2,1
488,3,2
488,4,3
488,5,1
488,6,4
488,7,2
489,1,3
489,2,5
489,3,1
489,4,5
489,5,1
489,6,3
489,7,2
490,1,2
490,2,4
490,3,2
490,4,3
490,5,5
490,6,2
490,7,5
491,1,3
491,2,5
491,3,2
491,4,2
491,5,2
491,6,5
491,7,2
492,1,1
492,2,4
492,3,3
492,4,1
492,5,2
492,6,1
492,7,4
493,1,1
493,2,1
493,3,5
493,4,2
493,5,2
493,6,2
493,7,5
494,1,5
494,2,3
494,3,4
494,4,1
494,5,5
494,6,2
494,7,3
495,1,3
495,2,4
495,3,5
495,4,1
495,5,3
495,6,4
495,7,5
496,1,5
496,2,5
496,3,3
496,4,2
496,5,2
496,6,1
496,7,4
497,1,2
497,2,5
497,3,1
497,4,5
497,5,4
497,6,3
497,7,1
498,1,4
498,2,5
498,3,4
498,4,5
498,5,1
498,6,2
498,7,1
499,1,4
499,2,3
499,3,3
499,4,2
499,5,4
499,6,4
499,7,5
500,1,1
500,2,1
500,3,3
500,4,5
500,5,4
500,6,3
500,7,4
501,1,5
501,2,2
501,3,3
501,4,5
501,5,3
501,6,5
501,7,4
502,1,2
502,2,3
502,3,2
502,4,5
502,5,4
502,6,1
502,7,1
503,1,5
503,2,1
503,3,2
503,4,4
503,5,4
503,6,5
503,7,2
504,1,5
504,2,4
504,3,5
504,4,2
504,5,1
504,6,3
504,7,5
505,1,5
505,2,3
505,3,1
505,4,3
505,5,3
505,6,3
505,7,3
506,1,3
506,2,4
506,3,4
506,4,1
506,5,1
506,6,2
506,7,2
507,1,3
507,2,1
507,3,3
507,4,1
507,5,1
507,6,3
507,7,3
508,1,3
508,2,4
508,3,5
508,4,3
508,5,3
508,6,5
508,7,2
509,1,2
509,2,2
509,3,4
509,4,1
509,5,1
509,6,4
509,7,5
510,1,3
510,2,3
510,3,2
510,4,5
510,5,1
510,6,2
510,7,3
511,1,1
511,2,2
511,3,4
511,4,4
511,5,3
511,6,4
511,7,1
512,1,2
512,2,2
512,3,1
512,4,4
512,5,5
512,6,4
512,7,5
513,1,2
513,2,3
513,3,2
513,4,3
513,5,4
513,6,1
513,7,1
514,1,5
514,2,1
514,3,4
514,4,1
514,5,2
514,6,3
514,7,5
515,1,1
515,2,2
515,3,2
515,4,5
515,5,1
515,6,3
515,7,3
516,1,5
516,2,4
516,3,3
516,4,5
516,5,2
516,6,4
516,7,4
517,1,3
517,2,2
517,3,5
517,4,5
517,5,5
517,6,4
517,7,1
518,1,3
518,2,3
518,3,4
518,4,1
518,5,2
518,6,5
518,7,1
519,1,5
519,2,1
519,3,2
519,4,4
519,5,3
519,6,1
519,7,1
520,1,3
520,2,1
520,3,3
520,4,2
520,5,2
520,6,3
520,7,4
521,1,1
521,2,4
521,3,1
521,4,2
521,5,3
521,6,3
521,7,1
522,1,1
522,2,5
522,3,3
522,4,3
522,5,4
522,6,1
522,7,3
523,1,2
523,2,2
523,3,4
523,4,5
523,5,5
523,6,1
523,7,5
524,1,2
524,2,5
524,3,5
524,4,3
524,5,1
524,6,5
524,7,4
525,1,2
525,2,3
525,3,2
525,4,3
525,5,3
525,6,3
525,7,5
526,1,2
526,2,3
526,3,4
526,4,4
526,5,1
526,6,4
526,7,2
527,1,3
527,2,3
527,3,4
527,4,1
527,5,2
527,6,5
527,7,4
528,1,5
528,2,4
528,3,3
528,4,4
528,5,4
528,6,2
528,7,5
529,1,3
529,2,4
529,3,4
529,4,1
529,5,3
529,6,2
529,7,3
530,1,2
530,2,2
530,3,5
530,4,4
530,5,3
530,6,5
530,7,3
531,1,4
531,2,5
531,3,1
531,4,2
531,5,4
531,6,3
531,7,4
532,1,5
532,2,1
532,3,3
532,4,1
532,5,2
532,6,4
532,7,5
533,1,1
533,2,5
533,3,5
533,4,2
533,5,3
533,6,3
533,7,3
534,1,4
534,2,5
534,3,3
534,4,3
534,5,2
534,6,3
534,7,5
535,1,5
535,2,2
535,3,4
535,4,4
535,5,2
535,6,1
535,7,4
536,1,2
536,2,5
536,3,5
536,4,4
536,5,2
536,6,3
536,7,2
537,1,5
537,2,1
537,3,4
537,4,2
537,5,2
537,6,5
537,7,1
538,1,4
538,2,5
538,3,1
538,4,4
538,5,4
538,6,3
538,7,2
539,1,3
539,2,3
539,3,1
539,4,5
539,5,4
539,6,2
539,7,2
540,1,2
540,2,5
540,3,5
540,4,1
540,5,3
540,6,1
540,7,3
541,1,5
541,2,1
541,3,5
541,4,4
541,5,1
541,6,1
541,7,1
542,1,1
542,2,2
542,3,2
542,4,2
542,5,4
542,6,1
542,7,2
543,1,1
543,2,5
543,3,4
543,4,2
543,5,5
543,6,4
543,7,3
544,1,4
544,2,5
544,3,4
544,4,1
544,5,1
544,6,2
544,7,2
545,1,2
545,2,5
545,3,5
545,4,1
545,5,4
545,6,3
545,7,5
546,1,2
546,2,3
546,3,2
546,4,2
546,5,1
546,6,2
546,7,5
547,1,1
547,2,3
547,3,1
547,4,3
547,5,1
547,6,1
547,7,4
548,1,3
548,2,3
548,3,1
548,4,4
548,5,5
548,6,1
548,7,5
549,1,1
549,2,1
549,3,2
549,4,2
549,5,1
549,6,1
549,7,5
550,1,5
550,2,2
550,3,2
550,4,1
550,5,2
550,6,2
550,7,4
551,1,5
551,2,1
551,3,5
551,4,1
551,5,4
551,6,1
551,7,2
552,1,2
552,2,5
552,3,1
552,4,1
552,5,2
552,6,1
552,7,2
553,1,2
553,2,2
553,3,5
553,4,1
553,5,3
553,6,5
553,7,3
554,1,5
554,2,4
554,3,4
554,4,1
554,5,1
554,6,4
554,7,3
555,1,4
555,2,4
555,3,1
555,4,5
555,5,4
555,6,2
555,7,4
556,1,1
556,2,3
556,3,1
556,4,5
556,5,5
556,6,4
556,7,3
557,1,4
557,2,1
557,3,1
557,4,2
557,5,5
557,6,1
557,7,5
558,1,5
558,2,4
558,3,2
558,4,4
558,5,2
558,6,2
558,7,5
559,1,5
559,2,3
559,3,3
559,4,1
559,5,1
559,6,4
559,7,2
560,1,5
560,2,5
560,3,5
560,4,1
560,5,1
560,6,5
560,7,3
561,1,2
561,2,3
561,3,2
561,4,5
561,5,2
561,6,4
561,7,3
562,1,4
562,2,1
562,3,5
562,4,3
562,5,4
562,6,3
562,7,1
563,1,4
563,2,2
563,3,1
563,4,1
563,5,3
563,6,4
563,7,2
564,1,5
564,2,1
564,3,4
564,4,2
564,5,2
564,6,1
564,7,3
565,1,4
565,2,3
565,3,5
565,4,5
565,5,5
565,6,2
565,7,4
566,1,3
566,2,2
566,3,2
566,4,4
566,5,1
566,6,5
566,7,5
567,1,1
567,2,5
567,3,2
567,4,4
567,5,4
567,6,3
567,7,4
568,1,3
568,2,5
568,3,2
568,4,5
568,5,5
568,6,4
568,7,4
569,1,5
569,2,1
569,3,4
569,4,4
569,5,5
569,6,2
569,7,2
570,1,2
570,2,5
570,3,4
570,4,3
570,5,5
570,6,5
570,7,4
571,1,4
571,2,3
571,3,5
571,4,1
571,5,1
571,6,4
571,7,2
572,1,3
572,2,4
572,3,3
572,4,1
572,5,2
572,6,2
572,7,4
573,1,1
573,2,3
573,3,3
573,4,3
573,5,4
573,6,4
573,7,4
574,1,3
574,2,5
574,3,2
574,4,4
574,5,3
574,6,4
574,7,1
575,1,5
575,2,2
575,3,3
575,4,3
575,5,1
575,6,2
575,7,4
576,1,1
576,2,3
576,3,3
576,4,4
576,5,4
576,6,3
576,7,5
577,1,5
577,2,1
577,3,2
577,4,5
577,5,4
577,6,5
577,7,5
578,1,4
578,2,3
578,3,1
578,4,2
578,5,2
578,6,5
578,7,4
579,1,4
579,2,5
579,3,2
579,4,4
579,5,1
579,6,2
579,7,1
580,1,1
580,2,4
580,3,1
580,4,2
580,5,3
580,6,2
580,7,2
581,1,5
581,2,3
581,3,2
581,4,4
581,5,1
581,6,5
581,7,4
582,1,2
582,2,4
582,3,3
582,4,5
582,5,4
582,6,2
582,7,5
583,1,1
583,2,3
583,3,5
583,4,3
583,5,3
583,6,3
583,7,4
584,1,1
584,2,5
584,3,4
584,4,3
584,5,3
584,6,4
584,7,4
585,1,1
585,2,2
585,3,1
585,4,4
585,5,2
585,6,4
585,7,2
586,1,4
586,2,3
586,3,3
586,4,2
586,5,5
586,6,3
586,7,2
587,1,3
587,2,4
587,3,2
587,4,4
587,5,3
587,6,5
587,7,2
588,1,2
588,2,2
588,3,1
588,4,4
588,5,2
588,6,5
588,7,4
589,1,1
589,2,3
589,3,2
589,4,1
589,5,2
589,6,3
589,7,3
590,1,3
590,2,1
590,3,5
590,4,5
590,5,2
590,6,1
590,7,5
591,1,4
591,2,3
591,3,5
591,4,5
591,5,5
591,6,2
591,7,3
592,1,1
592,2,1
592,3,4
592,4,2
592,5,1
592,6,1
592,7,3
593,1,3
593,2,5
593,3,1
593,4,2
593,5,2
593,6,2
593,7,1
594,1,3
594,2,3
594,3,1
594,4,2
594,5,3
594,6,1
594,7,1
595,1,2
595,2,4
595,3,5
595,4,1
595,5,5
595,6,4
595,7,1
596,1,3
596,2,4
596,3,1
596,4,1
596,5,4
596,6,1
596,7,2
597,1,4
597,2,1
597,3,4
597,4,4
597,5,1
597,6,4
597,7,3
598,1,2
598,2,1
598,3,1
598,4,2
598,5,1
598,6,3
598,7,2
599,1,2
599,2,3
599,3,5
599,4,4
599,5,1
599,6,2
599,7,2
600,1,2
600,2,5
600,3,3
600,4,1
600,5,5
600,6,4
600,7,1
601,1,4
601,2,5
601,3,4
601,4,3
601,5,1
601,6,1
601,7,3
602,1,5
602,2,5
602,3,3
602,4,1
602,5,3
602,6,2
602,7,3
603,1,4
603,2,3
603,3,3
603,4,3
603,5,2
603,6,4
603,7,4
604,1,2
604,2,1
604,3,3
604,4,4
604,5,5
604,6,5
604,7,5
605,1,2
605,2,1
605,3,4
605,4,2
605,5,1
605,6,2
605,7,5
606,1,4
606,2,1
606,3,4
606,4,2
606,5,3
606,6,4
606,7,5
607,1,5
607,2,1
607,3,2
607,4,5
607,5,4
607,6,3
607,7,3
608,1,5
608,2,2
608,3,3
608,4,1
608,5,3
608,6,5
608,7,4
609,1,1
609,2,5
609,3,1
609,4,4
609,5,4
609,6,4
609,7,5
610,1,1
610,2,4
610,3,3
610,4,2
610,5,1
610,6,3
610,7,5
611,1,1
611,2,3
611,3,4
611,4,3
611,5,5
611,6,1
611,7,5
612,1,2
612,2,2
612,3,4
612,4,3
612,5,2
612,6,4
612,7,4
613,1,4
613,2,2
613,3,2
613,4,4
613,5,2
613,6,5
613,7,2
614,1,2
614,2,4
614,3,3
614,4,4
614,5,3
614,6,5
614,7,2
615,1,5
615,2,3
615,3,4
615,4,3
615,5,5
615,6,4
615,7,1
616,1,1
616,2,3
616,3,1
616,4,3
616,5,5
616,6,2
616,7,1
617,1,3
617,2,1
617,3,1
617,4,5
617,5,5
617,6,3
617,7,2
618,1,4
618,2,3
618,3,3
618,4,5
618,5,1
618,6,3
618,7,5
619,1,4
619,2,5
619,3,2
619,4,1
619,5,3
619,6,4
619,7,2
620,1,5
620,2,5
620,3,2
620,4,2
620,5,3
620,6,5
620,7,3
621,1,4
621,2,3
621,3,3
621,4,5
621,5,2
621,6,4
621,7,3
622,1,1
622,2,1
622,3,5
622,4,3
622,5,3
622,6,3
622,7,4
623,1,4
623,2,3
623,3,3
623,4,2
623,5,1
623,6,3
623,7,4
624,1,1
624,2,4
624,3,5
624,4,2
624,5,5
624,6,5
624,7,5
625,1,4
625,2,3
625,3,2
625,4,1
625,5,5
625,6,1
625,7,3
626,1,4
626,2,2
626,3,5
626,4,2
626,5,4
626,6,2
626,7,1
627,1,1
627,2,2
627,3,2
627,4,5
627,5,1
627,6,5
627,7,3
628,1,2
628,2,3
628,3,1
628,4,5
628,5,4
628,6,3
628,7,2
629,1,2
629,2,2
629,3,1
629,4,3
629,5,5
629,6,5
629,7,4
630,1,5
630,2,5
630,3,5
630,4,1
630,5,1
630,6,1
630,7,4
631,1,2
631,2,1
631,3,1
631,4,4
631,5,1
631,6,1
631,7,4
632,1,3
632,2,3
632,3,1
632,4,3
632,5,3
632,6,5
632,7,1
633,1,4
633,2,5
633,3,2
633,4,4
633,5,4
633,6,1
633,7,2
634,1,3
634,2,5
634,3,2
634,4,1
634,5,5
634,6,3
634,7,4
635,1,3
635,2,5
635,3,1
635,4,4
635,5,4
635,6,1
635,7,2
636,1,1
636,2,4
636,3,4
636,4,4
636,5,4
636,6,5
636,7,1
637,1,3
637,2,1
637,3,2
637,4,3
637,5,3
637,6,3
637,7,4
638,1,2
638,2,5
638,3,4
638,4,4
638,5,3
638,6,3
638,7,2
639,1,1
639,2,4
639,3,2
639,4,2
639,5,3
639,6,4
639,7,1
640,1,4
640,2,2
640,3,2
640,4,5
640,5,3
640,6,3
640,7,2
641,1,2
641,2,4
641,3,4
641,4,1
641,5,3
641,6,2
641,7,3
642,1,3
642,2,5
642,3,3
642,4,1
642,5,4
642,6,2
642,7,2
643,1,1
643,2,1
643,3,1
643,4,3
643,5,5
643,6,1
643,7,5
644,1,5
644,2,5
644,3,4
644,4,1
644,5,3
644,6,2
644,7,2
645,1,4
645,2,1
645,3,5
645,4,5
645,5,4
645,6,3
645,7,4
646,1,1
646,2,4
646,3,4
646,4,5
646,5,1
646,6,1
646,7,1
647,1,2
647,2,2
647,3,5
647,4,2
647,5,3
647,6,4
647,7,4
648,1,3
648,2,1
648,3,5
648,4,1
648,5,1
648,6,3
648,7,5
649,1,4
649,2,2
649,3,1
649,4,4
649,5,3
649,6,3
649,7,2
650,1,4
650,2,3
650,3,1
650,4,5
650,5,5
650,6,1
650,7,4
651,1,1
651,2,5
651,3,5
651,4,4
651,5,1
651,6,2
651,7,2
652,1,2
652,2,2
652,3,2
652,4,2
652,5,5
652,6,2
652,7,1
653,1,3
653,2,1
653,3,4
653,4,3
653,5,4
653,6,5
653,7,5
654,1,5
654,2,1
654,3,3
654,4,1
654,5,1
654,6,3
654,7,1
655,1,5
655,2,5
655,3,1
655,4,4
655,5,2
655,6,5
655,7,3
656,1,3
656,2,3
656,3,2
656,4,3
656,5,4
656,6,4
656,7,5
657,1,2
657,2,4
657,3,5
657,4,1
657,5,4
657,6,2
657,7,5
658,1,1
658,2,3
658,3,2
658,4,3
658,5,2
658,6,5
658,7,5
659,1,4
659,2,1
659,3,2
659,4,1
659,5,2
659,6,2
659,7,4
660,1,2
660,2,4
660,3,4
660,4,3
660,5,2
660,6,3
660,7,5
661,1,1
661,2,3
661,3,4
661,4,1
661,5,4
661,6,4
661,7,4
662,1,2
662,2,4
662,3,1
662,4,3
662,5,1
662,6,2
662,7,5
663,1,4
663,2,1
663,3,3
663,4,4
663,5,1
663,6,5
663,7,4
664,1,1
664,2,4
664,3,4
664,4,1
664,5,4
664,6,5
664,7,4
665,1,2
665,2,1
665,3,3
665,4,4
665,5,1
665,6,5
665,7,1
666,1,3
666,2,2
666,3,1
666,4,3
666,5,5
666,6,5
666,7,5
667,1,4
667,2,5
667,3,5
667,4,1
667,5,3
667,6,2
667,7,1
668,1,4
668,2,5
668,3,3
668,4,5
668,5,5
668,6,4
668,7,2
669,1,4
669,2,5
669,3,4
669,4,5
669,5,5
669,6,4
669,7,4
670,1,4
670,2,5
670,3,3
670,4,5
670,5,1
670,6,4
670,7,4
671,1,5
671,2,1
671,3,2
671,4,3
671,5,3
671,6,3
671,7,1
672,1,3
672,2,1
672,3,2
672,4,1
672,5,2
672,6,3
672,7,1
673,1,3
673,2,3
673,3,3
673,4,5
673,5,1
673,6,2
673,7,1
674,1,1
674,2,2
674,3,5
674,4,4
674,5,1
674,6,2
674,7,1
675,1,5
675,2,5
675,3,1
675,4,5
675,5,1
675,6,4
675,7,3
676,1,1
676,2,5
676,3,5
676,4,3
676,5,1
676,6,2
676,7,2
677,1,2
677,2,2
677,3,1
677,4,2
677,5,4
677,6,2
677,7,3
678,1,2
678,2,3
678,3,3
678,4,5
678,5,3
678,6,5
678,7,4
679,1,4
679,2,3
679,3,1
679,4,4
679,5,5
679,6,2
679,7,4
680,1,1
680,2,1
680,3,4
680,4,2
680,5,5
680,6,1
680,7,2
681,1,5
681,2,3
681,3,1
681,4,5
681,5,1
681,6,5
681,7,5
682,1,3
682,2,2
682,3,3
682,4,4
682,5,3
682,6,2
682,7,4
683,1,3
683,2,1
683,3,5
683,4,3
683,5,3
683,6,1
683,7,4
684,1,3
684,2,5
684,3,3
684,4,2
684,5,5
684,6,3
684,7,4
685,1,5
685,2,2
685,3,2
685,4,2
685,5,2
685,6,1
685,7,4
686,1,4
686,2,4
686,3,5
686,4,3
686,5,5
686,6,4
686,7,2
687,1,4
687,2,5
687,3,1
687,4,5
687,5,1
687,6,5
687,7,2
688,1,4
688,2,3
688,3,5
688,4,1
688,5,1
688,6,1
688,7,4
689,1,3
689,2,4
689,3,1
689,4,4
689,5,1
689,6,4
689,7,3
690,1,1
690,2,2
690,3,3
690,4,1
690,5,2
690,6,2
690,7,1
691,1,1
691,2,3
691,3,1
691,4,1
691,5,5
691,6,2
691,7,3
692,1,1
692,2,5
692,3,1
692,4,3
692,5,5
692,6,3
692,7,2
693,1,5
693,2,4
693,3,3
693,4,2
693,5,1
693,6,4
693,7,5
694,1,1
694,2,3
694,3,4
694,4,5
694,5,1
694,6,3
694,7,4
695,1,4
695,2,1
695,3,4
695,4,1
695,5,4
695,6,1
695,7,5
696,1,5
696,2,1
696,3,5
696,4,4
696,5,5
696,6,1
696,7,5
697,1,4
697,2,1
697,3,2
697,4,4
697,5,3
697,6,1
697,7,1
698,1,5
698,2,5
698,3,2
698,4,1
698,5,5
698,6,1
698,7,4
699,1,5
699,2,2
699,3,1
699,4,3
699,5,5
699,6,1
699,7,3
700,1,2
700,2,3
700,3,2
700,4,5
700,5,2
700,6,4
700,7,4
701,1,1
701,2,3
701,3,3
701,4,4
701,5,1
701,6,5
701,7,1
702,1,3
702,2,5
702,3,3
702,4,5
702,5,3
702,6,2
702,7,3
703,1,3
703,2,3
703,3,5
703,4,1
703,5,1
703,6,1
703,7,5
704,1,3
704,2,3
704,3,5
704,4,1
704,5,4
704,6,1
704,7,1
705,1,2
705,2,4
705,3,5
705,4,5
705,5,3
705,6,5
705,7,4
706,1,4
706,2,4
706,3,2
706,4,5
706,5,1
706,6,1
706,7,5
707,1,2
707,2,3
707,3,3
707,4,4
707,5,5
707,6,2
707,7,3
708,1,2
708,2,3
708,3,3
708,4,3
708,5,2
708,6,5
708,7,5
709,1,2
709,2,5
709,3,2
709,4,3
709,5,3
709,6,5
709,7,1
710,1,1
710,2,4
710,3,3
710,4,1
710,5,5
710,6,1
710,7,2
711,1,3
711,2,2
711,3,1
711,4,4
711,5,3
711,6,5
711,7,3
712,1,2
712,2,5
712,3,3
712,4,2
712,5,2
712,6,5
712,7,3
713,1,1
713,2,1
713,3,3
713,4,1
713,5,5
713,6,4
713,7,3
714,1,1
714,2,2
714,3,1
714,4,3
714,5,5
714,6,4
714,7,4
715,1,2
715,2,3
715,3,2
715,4,1
715,5,5
715,6,3
715,7,4
716,1,4
716,2,2
716,3,1
716,4,4
716,5,2
716,6,3
716,7,4
717,1,1
717,2,1
717,3,4
717,4,3
717,5,3
717,6,4
717,7,5
718,1,4
718,2,2
718,3,1
718,4,1
718,5,4
718,6,5
718,7,2
719,1,1
719,2,1
719,3,1
719,4,5
719,5,2
719,6,3
719,7,4
720,1,2
720,2,4
720,3,3
720,4,4
720,5,4
720,6,1
720,7,4
721,1,4
721,2,1
721,3,2
721,4,2
721,5,2
721,6,1
721,7,1
722,1,5
722,2,1
722,3,2
722,4,1
722,5,4
722,6,4
722,7,4
723,1,5
723,2,1
723,3,3
723,4,3
723,5,4
723,6,2
723,7,2
724,1,2
724,2,5
724,3,4
724,4,3
724,5,1
724,6,5
724,7,3
725,1,3
725,2,5
725,3,4
725,4,5
725,5,5
725,6,1
725,7,5
726,1,1
726,2,2
726,3,5
726,4,4
726,5,1
726,6,3
726,7,2
727,1,4
727,2,1
727,3,2
727,4,1
727,5,5
727,6,5
727,7,3
728,1,3
728,2,3
728,3,5
728,4,2
728,5,4
728,6,2
728,7,1
729,1,1
729,2,3
729,3,4
729,4,5
729,5,4
729,6,2
729,7,4
730,1,4
730,2,5
730,3,2
730,4,3
730,5,1
730,6,4
730,7,2
731,1,5
731,2,5
731,3,1
731,4,1
731,5,1
731,6,4
731,7,5
732,1,1
732,2,5
732,3,4
732,4,4
732,5,3
732,6,5
732,7,2
733,1,2
733,2,1
733,3,3
733,4,3
733,5,2
733,6,3
733,7,2
734,1,4
734,2,1
734,3,1
734,4,3
734,5,3
734,6,4
734,7,3
735,1,5
735,2,4
735,3,5
735,4,3
735,5,4
735,6,2
735,7,1
736,1,5
736,2,2
736,3,3
736,4,3
736,5,4
736,6,1
736,7,5
737,1,5
737,2,3
737,3,1
737,4,2
737,5,1
737,6,5
737,7,4
738,1,3
738,2,3
738,3,5
738,4,2
738,5,1
738,6,2
738,7,3
739,1,3
739,2,2
739,3,1
739,4,3
739,5,3
739,6,3
739,7,1
740,1,1
740,2,3
740,3,3
740,4,2
740,5,4
740,6,4
740,7,1
741,1,2
741,2,1
741,3,1
741,4,1
741,5,4
741,6,2
741,7,5
742,1,1
742,2,1
742,3,1
742,4,2
742,5,2
742,6,1
742,7,2
743,1,1
743,2,5
743,3,3
743,4,4
743,5,4
743,6,3
743,7,5
744,1,3
744,2,2
744,3,3
744,4,4
744,5,4
744,6,4
744,7,2
745,1,5
745,2,2
745,3,4
745,4,1
745,5,5
745,6,1
745,7,4
746,1,5
746,2,1
746,3,2
746,4,2
746,5,2
746,6,4
746,7,3
747,1,4
747,2,1
747,3,1
747,4,5
747,5,5
747,6,1
747,7,1
748,1,5
748,2,4
748,3,2
748,4,2
748,5,1
748,6,2
748,7,5
749,1,2
749,2,3
749,3,3
749,4,4
749,5,1
749,6,4
749,7,1
750,1,4
750,2,1
750,3,5
750,4,3
750,5,5
750,6,1
750,7,3
751,1,4
751,2,4
751,3,4
751,4,3
751,5,2
751,6,4
751,7,3
752,1,5
752,2,5
752,3,5
752,4,3
752,5,1
752,6,1
752,7,2
753,1,2
753,2,1
753,3,4
753,4,2
753,5,4
753,6,3
753,7,4
754,1,5
754,2,5
754,3,2
754,4,4
754,5,1
754,6,5
754,7,2
755,1,3
755,2,2
755,3,4
755,4,1
755,5,2
755,6,2
755,7,1
756,1,5
756,2,4
756,3,5
756,4,5
756,5,4
756,6,5
756,7,5
757,1,5
757,2,2
757,3,4
757,4,3
757,5,2
757,6,1
757,7,4
758,1,2
758,2,4
758,3,3
758,4,3
758,5,1
758,6,2
758,7,1
759,1,1
759,2,4
759,3,4
759,4,2
759,5,2
759,6,3
759,7,3
760,1,4
760,2,3
760,3,2
760,4,3
760,5,4
760,6,5
760,7,3
761,1,1
761,2,4
761,3,3
761,4,4
761,5,2
761,6,2
761,7,3
762,1,1
762,2,4
762,3,1
762,4,3
762,5,3
762,6,4
762,7,4
763,1,1
763,2,1
763,3,4
763,4,2
763,5,5
763,6,5
763,7,2
764,1,1
764,2,3
764,3,3
764,4,2
764,5,5
764,6,1
764,7,1
765,1,3
765,2,5
765,3,3
765,4,1
765,5,4
765,6,2
765,7,4
766,1,1
766,2,5
766,3,4
766,4,5
766,5,1
766,6,1
766,7,1
767,1,1
767,2,5
767,3,2
767,4,5
767,5,4
767,6,5
767,7,5
768,1,4
768,2,4
768,3,5
768,4,4
768,5,5
768,6,1
768,7,3
769,1,4
769,2,2
769,3,5
769,4,1
769,5,4
769,6,2
769,7,3
770,1,4
770,2,3
770,3,1
770,4,4
770,5,5
770,6,3
770,7,3
771,1,5
771,2,1
771,3,4
771,4,3
771,5,3
771,6,4
771,7,2
772,1,4
772,2,5
772,3,5
772,4,5
772,5,3
772,6,1
772,7,5
773,1,5
773,2,2
773,3,1
773,4,3
773,5,4
773,6,2
773,7,4
774,1,1
774,2,5
774,3,5
774,4,2
774,5,2
774,6,2
774,7,3
775,1,1
775,2,3
775,3,4
775,4,5
775,5,1
775,6,5
775,7,1
776,1,2
776,2,3
776,3,4
776,4,5
776,5,1
776,6,2
776,7,3
777,1,3
777,2,3
777,3,2
777,4,5
777,5,1
777,6,2
777,7,2
778,1,5
778,2,1
778,3,5
778,4,5
778,5,4
778,6,5
778,7,3
779,1,3
779,2,3
779,3,2
779,4,3
779,5,4
779,6,2
779,7,4
780,1,3
780,2,3
780,3,4
780,4,3
780,5,3
780,6,4
780,7,5
781,1,1
781,2,4
781,3,4
781,4,3
781,5,2
781,6,3
781,7,1
782,1,2
782,2,5
782,3,4
782,4,3
782,5,2
782,6,1
782,7,4
783,1,2
783,2,3
783,3,4
783,4,1
783,5,5
783,6,2
783,7,4
784,1,4
784,2,5
784,3,2
784,4,5
784,5,5
784,6,4
784,7,3
785,1,4
785,2,4
785,3,3
785,4,4
785,5,5
785,6,1
785,7,2
786,1,3
786,2,2
786,3,5
786,4,1
786,5,4
786,6,4
786,7,1
787,1,3
787,2,3
787,3,2
787,4,2
787,5,2
787,6,2
787,7,2
788,1,1
788,2,2
788,3,5
788,4,3
788,5,3
788,6,1
788,7,3
789,1,3
789,2,2
789,3,3
789,4,4
789,5,1
789,6,4
789,7,3
790,1,4
790,2,2
790,3,2
790,4,1
790,5,4
790,6,1
790,7,2
791,1,3
791,2,5
791,3,3
791,4,3
791,5,5
791,6,1
791,7,4
792,1,5
792,2,3
792,3,3
792,4,2
792,5,3
792,6,2
792,7,1
793,1,5
793,2,5
793,3,1
793,4,1
793,5,3
793,6,2
793,7,5
794,1,3
794,2,3
794,3,5
794,4,2
794,5,3
794,6,3
794,7,1
795,1,5
795,2,1
795,3,1
795,4,3
795,5,4
795,6,1
795,7,1
796,1,1
796,2,4
796,3,2
796,4,1
796,5,4
796,6,3
796,7,3
797,1,3
797,2,1
797,3,5
797,4,2
797,5,3
797,6,5
797,7,2
798,1,1
798,2,2
798,3,4
798,4,4
798,5,2
798,6,5
798,7,5
799,1,1
799,2,2
799,3,3
799,4,1
799,5,4
799,6,5
799,7,2
800,1,3
800,2,2
800,3,1
800,4,2
800,5,5
800,6,2
800,7,3
801,1,2
801,2,2
801,3,4
801,4,1
801,5,4
801,6,4
801,7,3
802,1,5
802,2,2
802,3,3
802,4,1
802,5,5
802,6,4
802,7,5
803,1,2
803,2,4
803,3,3
803,4,1
803,5,5
803,6,5
803,7,4
804,1,4
804,2,1
804,3,1
804,4,3
804,5,3
804,6,4
804,7,2
805,1,3
805,2,5
805,3,4
805,4,1
805,5,1
805,6,1
805,7,2
806,1,5
806,2,4
806,3,4
806,4,5
806,5,4
806,6,1
806,7,5
807,1,3
807,2,2
807,3,3
807,4,2
807,5,5
807,6,5
807,7,5
808,1,1
808,2,3
808,3,5
808,4,1
808,5,3
808,6,3
808,7,5
809,1,3
809,2,4
809,3,1
809,4,3
809,5,5
809,6,1
809,7,1
810,1,3
810,2,3
810,3,2
810,4,2
810,5,2
810,6,3
810,7,1
811,1,1
811,2,4
811,3,3
811,4,1
811,5,5
811,6,3
811,7,5
812,1,5
812,2,3
812,3,1
812,4,4
812,5,3
812,6,1
812,7,4
813,1,2
813,2,1
813,3,3
813,4,1
813,5,1
813,6,1
813,7,3
814,1,1
814,2,3
814,3,3
814,4,3
814,5,2
814,6,3
814,7,5
815,1,1
815,2,1
815,3,1
815,4,3
815,5,2
815,6,2
815,7,3
816,1,3
816,2,5
816,3,3
816,4,3
816,5,2
816,6,5
816,7,5
817,1,3
817,2,3
817,3,3
817,4,4
817,5,3
817,6,4
817,7,3
818,1,2
818,2,3
818,3,3
818,4,3
818,5,1
818,6,5
818,7,1
819,1,5
819,2,4
819,3,2
819,4,3
819,5,4
819,6,2
819,7,4
820,1,2
820,2,2
820,3,2
820,4,2
820,5,5
820,6,2
820,7,5
821,1,5
821,2,3
821,3,2
821,4,2
821,5,1
821,6,1
821,7,5
822,1,2
822,2,3
822,3,4
822,4,3
822,5,3
822,6,3
822,7,4
823,1,2
823,2,2
823,3,1
823,4,3
823,5,1
823,6,3
823,7,1
824,1,2
824,2,5
824,3,1
824,4,4
824,5,5
824,6,3
824,7,4
825,1,3
825,2,3
825,3,2
825,4,2
825,5,4
825,6,4
825,7,5
826,1,3
826,2,4
826,3,5
826,4,5
826,5,3
826,6,4
826,7,3
827,1,5
827,2,2
827,3,5
827,4,2
827,5,2
827,6,5
827,7,1
828,1,5
828,2,2
828,3,2
828,4,5
828,5,5
828,6,2
828,7,3
829,1,4
829,2,5
829,3,5
829,4,2
829,5,5
829,6,5
829,7,5
830,1,2
830,2,1
830,3,1
830,4,2
830,5,4
830,6,5
830,7,1
831,1,5
831,2,5
831,3,5
831,4,3
831,5,4
831,6,3
831,7,2
832,1,3
832,2,5
832,3,5
832,4,3
832,5,4
832,6,2
832,7,2
833,1,4
833,2,2
833,3,1
833,4,1
833,5,3
833,6,2
833,7,5
834,1,4
834,2,4
834,3,3
834,4,1
834,5,5
834,6,5
834,7,3
835,1,5
835,2,2
835,3,1
835,4,1
835,5,5
835,6,3
835,7,3
836,1,2
836,2,4
836,3,2
836,4,2
836,5,2
836,6,2
836,7,3
837,1,2
837,2,2
837,3,1
837,4,3
837,5,2
837,6,5
837,7,3
838,1,5
838,2,4
838,3,4
838,4,5
838,5,2
838,6,3
838,7,1
839,1,1
839,2,2
839,3,2
839,4,2
839,5,4
839,6,4
839,7,2
840,1,2
840,2,3
840,3,4
840,4,2
840,5,3
840,6,2
840,7,4
841,1,3
841,2,2
841,3,5
841,4,3
841,5,1
841,6,4
841,7,2
842,1,5
842,2,4
842,3,5
842,4,4
842,5,2
842,6,1
842,7,5
843,1,3
843,2,1
843,3,4
843,4,3
843,5,1
843,6,5
843,7,5
844,1,4
844,2,2
844,3,2
844,4,2
844,5,4
844,6,5
844,7,1
845,1,5
845,2,4
845,3,2
845,4,5
845,5,4
845,6,3
845,7,2
846,1,1
846,2,5
846,3,5
846,4,4
846,5,2
846,6,4
846,7,4
847,1,3
847,2,3
847,3,4
847,4,5
847,5,1
847,6,3
847,7,3
848,1,1
848,2,1
848,3,4
848,4,3
848,5,3
848,6,2
848,7,1
849,1,4
849,2,2
849,3,1
849,4,3
849,5,1
849,6,2
849,7,3
850,1,4
850,2,1
850,3,5
850,4,4
850,5,2
850,6,3
850,7,3
851,1,1
851,2,2
851,3,5
851,4,4
851,5,5
851,6,1
851,7,1
852,1,3
852,2,2
852,3,1
852,4,2
852,5,3
852,6,3
852,7,4
853,1,2
853,2,4
853,3,4
853,4,4
853,5,3
853,6,4
853,7,1
854,1,4
854,2,5
854,3,3
854,4,5
854,5,2
854,6,2
854,7,3
855,1,5
855,2,1
855,3,1
855,4,4
855,5,4
855,6,4
855,7,1
856,1,3
856,2,2
856,3,4
856,4,4
856,5,2
856,6,3
856,7,4
857,1,2
857,2,3
857,3,1
857,4,5
857,5,3
857,6,1
857,7,5
858,1,1
858,2,4
858,3,2
858,4,3
858,5,1
858,6,4
858,7,2
859,1,2
859,2,2
859,3,2
859,4,1
859,5,1
859,6,3
859,7,3
860,1,5
860,2,2
860,3,2
860,4,1
860,5,4
860,6,4
860,7,1
861,1,1
861,2,5
861,3,5
861,4,1
861,5,3
861,6,4
861,7,3
862,1,1
862,2,1
862,3,3
862,4,4
862,5,3
862,6,2
862,7,1
863,1,4
863,2,4
863,3,2
863,4,1
863,5,4
863,6,5
863,7,1
864,1,1
864,2,1
864,3,3
864,4,1
864,5,5
864,6,1
864,7,1
865,1,5
865,2,3
865,3,3
865,4,5
865,5,1
865,6,2
865,7,3
866,1,1
866,2,2
866,3,2
866,4,1
866,5,5
866,6,1
866,7,2
867,1,1
867,2,2
867,3,2
867,4,1
867,5,1
867,6,3
867,7,4
868,1,3
868,2,2
868,3,3
868,4,4
868,5,1
868,6,1
868,7,4
869,1,1
869,2,2
869,3,3
869,4,4
869,5,2
869,6,2
869,7,4
870,1,5
870,2,2
870,3,3
870,4,1
870,5,5
870,6,3
870,7,4
871,1,2
871,2,4
871,3,5
871,4,1
871,5,1
871,6,1
871,7,3
872,1,4
872,2,3
872,3,3
872,4,2
872,5,4
872,6,5
872,7,3
873,1,1
873,2,5
873,3,2
873,4,4
873,5,5
873,6,4
873,7,2
874,1,4
874,2,5
874,3,4
874,4,5
874,5,4
874,6,3
874,7,5
875,1,5
875,2,5
875,3,4
875,4,4
875,5,3
875,6,4
875,7,5
876,1,4
876,2,1
876,3,1
876,4,1
876,5,3
876,6,5
876,7,4
877,1,5
877,2,5
877,3,1
877,4,4
877,5,3
877,6,2
877,7,2
878,1,5
878,2,5
878,3,3
878,4,4
878,5,5
878,6,2
878,7,2
879,1,5
879,2,2
879,3,5
879,4,2
879,5,5
879,6,3
879,7,5
880,1,3
880,2,3
880,3,3
880,4,1
880,5,4
880,6,4
880,7,1
881,1,3
881,2,3
881,3,2
881,4,1
881,5,3
881,6,5
881,7,4
882,1,4
882,2,5
882,3,5
882,4,4
882,5,4
882,6,2
882,7,4
883,1,3
883,2,3
883,3,3
883,4,4
883,5,1
883,6,1
883,7,2
884,1,4
884,2,1
884,3,2
884,4,1
884,5,1
884,6,2
884,7,3
885,1,3
885,2,3
885,3,4
885,4,1
885,5,3
885,6,4
885,7,5
886,1,4
886,2,2
886,3,2
886,4,2
886,5,3
886,6,1
886,7,5
887,1,1
887,2,4
887,3,5
887,4,4
887,5,5
887,6,4
887,7,3
888,1,3
888,2,3
888,3,1
888,4,1
888,5,3
888,6,2
888,7,4
889,1,4
889,2,1
889,3,2
889,4,5
889,5,5
889,6,5
889,7,4
890,1,5
890,2,1
890,3,4
890,4,1
890,5,2
890,6,1
890,7,1
891,1,3
891,2,4
891,3,1
891,4,5
891,5,5
891,6,1
891,7,1
892,1,4
892,2,4
892,3,1
892,4,5
892,5,3
892,6,3
892,7,4
893,1,4
893,2,1
893,3,3
893,4,4
893,5,5
893,6,4
893,7,4
894,1,5
894,2,2
894,3,4
894,4,3
894,5,4
894,6,2
894,7,5
895,1,5
895,2,4
895,3,5
895,4,5
895,5,4
895,6,3
895,7,2
896,1,1
896,2,4
896,3,3
896,4,2
896,5,3
896,6,1
896,7,2
897,1,3
897,2,3
897,3,2
897,4,5
897,5,1
897,6,3
897,7,4
898,1,4
898,2,2
898,3,3
898,4,4
898,5,1
898,6,4
898,7,2
899,1,3
899,2,3
899,3,5
899,4,4
899,5,1
899,6,1
899,7,4
900,1,1
900,2,2
900,3,3
900,4,5
900,5,2
900,6,1
900,7,4
901,1,1
901,2,5
901,3,4
901,4,1
901,5,3
901,6,5
901,7,4
902,1,5
902,2,4
902,3,1
902,4,1
902,5,2
902,6,3
902,7,2
903,1,2
903,2,4
903,3,4
903,4,4
903,5,5
903,6,4
903,7,5
904,1,3
904,2,5
904,3,2
904,4,2
904,5,5
904,6,1
904,7,3
905,1,1
905,2,4
905,3,3
905,4,4
905,5,4
905,6,4
905,7,4
906,1,2
906,2,3
906,3,4
906,4,2
906,5,3
906,6,5
906,7,3
907,1,4
907,2,5
907,3,1
907,4,2
907,5,5
907,6,3
907,7,2
908,1,2
908,2,1
908,3,3
908,4,3
908,5,4
908,6,1
908,7,5
909,1,3
909,2,5
909,3,4
909,4,3
909,5,5
909,6,1
909,7,3
910,1,5
910,2,2
910,3,4
910,4,3
910,5,5
910,6,3
910,7,5
911,1,3
911,2,4
911,3,1
911,4,5
911,5,4
911,6,3
911,7,3
912,1,5
912,2,5
912,3,4
912,4,3
912,5,5
912,6,5
912,7,3
913,1,3
913,2,5
913,3,3
913,4,3
913,5,5
913,6,2
913,7,1
914,1,3
914,2,5
914,3,5
914,4,5
914,5,1
914,6,1
914,7,1
915,1,3
915,2,3
915,3,3
915,4,2
915,5,2
915,6,2
915,7,4
916,1,4
916,2,4
916,3,1
916,4,3
916,5,1
916,6,1
916,7,5
917,1,2
917,2,3
917,3,2
917,4,1
917,5,1
917,6,4
917,7,3
918,1,5
918,2,4
918,3,5
918,4,5
918,5,2
918,6,3
918,7,1
919,1,4
919,2,2
919,3,1
919,4,1
919,5,1
919,6,1
919,7,5
920,1,1
920,2,5
920,3,3
920,4,1
920,5,5
920,6,4
920,7,1
921,1,5
921,2,1
921,3,4
921,4,2
921,5,5
921,6,1
921,7,2
922,1,3
922,2,2
922,3,5
922,4,1
922,5,3
922,6,5
922,7,3
923,1,1
923,2,4
923,3,2
923,4,5
923,5,5
923,6,4
923,7,1
924,1,2
924,2,4
924,3,4
924,4,1
924,5,4
924,6,2
924,7,1
925,1,1
925,2,2
925,3,3
925,4,3
925,5,1
925,6,5
925,7,1
926,1,3
926,2,2
926,3,1
926,4,1
926,5,4
926,6,5
926,7,5
927,1,4
927,2,2
927,3,3
927,4,4
927,5,3
927,6,2
927,7,2
928,1,3
928,2,2
928,3,2
928,4,3
928,5,3
928,6,3
928,7,3
929,1,3
929,2,2
929,3,2
929,4,1
929,5,5
929,6,3
929,7,2
930,1,1
930,2,2
930,3,4
930,4,3
930,5,5
930,6,4
930,7,5
931,1,3
931,2,3
931,3,5
931,4,5
931,5,2
931,6,2
931,7,2
932,1,2
932,2,1
932,3,2
932,4,4
932,5,4
932,6,2
932,7,3
933,1,5
933,2,4
933,3,5
933,4,1
933,5,2
933,6,2
933,7,1
934,1,3
934,2,4
934,3,5
934,4,1
934,5,2
934,6,2
934,7,5
935,1,3
935,2,4
935,3,2
935,4,1
935,5,2
935,6,3
935,7,2
936,1,2
936,2,5
936,3,3
936,4,3
936,5,5
936,6,5
936,7,1
937,1,4
937,2,2
937,3,1
937,4,4
937,5,5
937,6,2
937,7,5
938,1,1
938,2,3
938,3,5
938,4,3
938,5,4
938,6,4
938,7,2
939,1,3
939,2,5
939,3,5
939,4,5
939,5,3
939,6,4
939,7,3
940,1,3
940,2,5
940,3,2
940,4,1
940,5,5
940,6,3
940,7,4
941,1,3
941,2,2
941,3,5
941,4,1
941,5,5
941,6,4
941,7,4
942,1,2
942,2,1
942,3,3
942,4,4
942,5,1
942,6,3
942,7,2
943,1,2
943,2,2
943,3,2
943,4,1
943,5,3
943,6,2
943,7,1
944,1,1
944,2,5
944,3,5
944,4,2
944,5,5
944,6,5
944,7,2
945,1,5
945,2,3
945,3,1
945,4,5
945,5,4
945,6,2
945,7,2
946,1,2
946,2,4
946,3,2
946,4,3
946,5,3
946,6,4
946,7,4
947,1,1
947,2,2
947,3,3
947,4,2
947,5,2
947,6,1
947,7,3
948,1,3
948,2,4
948,3,5
948,4,4
948,5,4
948,6,3
948,7,4
949,1,2
949,2,5
949,3,4
949,4,5
949,5,2
949,6,4
949,7,2
950,1,5
950,2,2
950,3,3
950,4,1
950,5,5
950,6,4
950,7,2
951,1,5
951,2,1
951,3,2
951,4,5
951,5,4
951,6,3
951,7,3
952,1,1
952,2,4
952,3,1
952,4,4
952,5,2
952,6,1
952,7,2
953,1,4
953,2,3
953,3,1
953,4,5
953,5,2
953,6,4
953,7,1
954,1,4
954,2,4
954,3,2
954,4,3
954,5,3
954,6,5
954,7,3
955,1,4
955,2,1
955,3,2
955,4,2
955,5,2
955,6,5
955,7,4
956,1,4
956,2,4
956,3,2
956,4,3
956,5,3
956,6,4
956,7,5
957,1,5
957,2,3
957,3,5
957,4,5
957,5,2
957,6,4
957,7,1
958,1,5
958,2,2
958,3,4
958,4,2
958,5,5
958,6,2
958,7,4
959,1,5
959,2,5
959,3,2
959,4,3
959,5,1
959,6,2
959,7,5
960,1,1
960,2,1
960,3,4
960,4,1
960,5,1
960,6,4
960,7,2
961,1,5
961,2,5
961,3,2
961,4,1
961,5,5
961,6,5
961,7,2
962,1,3
962,2,4
962,3,2
962,4,1
962,5,3
962,6,5
962,7,5
963,1,3
963,2,1
963,3,3
963,4,1
963,5,5
963,6,4
963,7,5
964,1,5
964,2,1
964,3,4
964,4,2
964,5,5
964,6,4
964,7,5
965,1,5
965,2,3
965,3,4
965,4,1
965,5,4
965,6,3
965,7,4
966,1,5
966,2,3
966,3,1
966,4,4
966,5,3
966,6,1
966,7,3
967,1,4
967,2,2
967,3,2
967,4,5
967,5,4
967,6,3
967,7,5
968,1,1
968,2,2
968,3,5
968,4,2
968,5,1
968,6,4
968,7,3
969,1,5
969,2,2
969,3,2
969,4,5
969,5,2
969,6,1
969,7,3
970,1,4
970,2,3
970,3,1
970,4,2
970,5,1
970,6,3
970,7,2
971,1,4
971,2,1
971,3,1
971,4,4
971,5,4
971,6,3
971,7,1
972,1,1
972,2,5
972,3,3
972,4,3
972,5,2
972,6,3
972,7,2
973,1,3
973,2,4
973,3,5
973,4,2
973,5,5
973,6,4
973,7,1
974,1,3
974,2,4
974,3,4
974,4,4
974,5,4
974,6,3
974,7,2
975,1,5
975,2,5
975,3,2
975,4,4
975,5,1
975,6,5
975,7,5
976,1,2
976,2,4
976,3,3
976,4,2
976,5,3
976,6,3
976,7,4
977,1,4
977,2,5
977,3,3
977,4,5
977,5,2
977,6,2
977,7,4
978,1,3
978,2,4
978,3,5
978,4,5
978,5,2
978,6,1
978,7,1
979,1,1
979,2,4
979,3,3
979,4,3
979,5,1
979,6,1
979,7,3
980,1,1
980,2,2
980,3,4
980,4,5
980,5,5
980,6,1
980,7,3
981,1,2
981,2,2
981,3,3
981,4,2
981,5,1
981,6,3
981,7,4
982,1,2
982,2,1
982,3,2
982,4,1
982,5,3
982,6,1
982,7,1
983,1,3
983,2,1
983,3,3
983,4,2
983,5,5
983,6,3
983,7,3
984,1,1
984,2,1
984,3,4
984,4,3
984,5,4
984,6,5
984,7,3
985,1,5
985,2,5
985,3,1
985,4,1
985,5,2
985,6,2
985,7,5
986,1,1
986,2,4
986,3,3
986,4,4
986,5,1
986,6,5
986,7,5
987,1,4
987,2,4
987,3,5
987,4,5
987,5,5
987,6,4
987,7,1
988,1,3
988,2,2
988,3,4
988,4,2
988,5,2
988,6,3
988,7,2
989,1,1
989,2,2
989,3,2
989,4,5
989,5,1
989,6,3
989,7,1
990,1,4
990,2,1
990,3,4
990,4,3
990,5,1
990,6,5
990,7,2
991,1,5
991,2,3
991,3,2
991,4,1
991,5,5
991,6,2
991,7,3
992,1,5
992,2,5
992,3,2
992,4,5
992,5,4
992,6,5
992,7,5
993,1,5
993,2,1
993,3,1
993,4,2
993,5,4
993,6,3
993,7,2
994,1,2
994,2,1
994,3,4
994,4,5
994,5,5
994,6,2
994,7,2
995,1,3
995,2,2
995,3,5
995,4,1
995,5,5
995,6,4
995,7,3
996,1,4
996,2,5
996,3,5
996,4,4
996,5,1
996,6,2
996,7,5
997,1,2
997,2,5
997,3,4
997,4,4
997,5,5
997,6,5
997,7,1
998,1,4
998,2,2
998,3,5
998,4,1
998,5,4
998,6,3
998,7,5
999,1,5
999,2,2
999,3,3
999,4,1
999,5,4
999,6,3
999,7,5
1000,1,4
1000,2,4
1000,3,1
1000,4,1
1000,5,1
1000,6,4
1000,7,4
1001,1,5
1001,2,3
1001,3,1
1001,4,3
1001,5,3
1001,6,3
1001,7,5
1002,1,2
1002,2,4
1002,3,2
1002,4,3
1002,5,5
1002,6,3
1002,7,2
1003,1,2
1003,2,1
1003,3,3
1003,4,4
1003,5,3
1003,6,4
1003,7,4
1004,1,3
1004,2,1
1004,3,2
1004,4,1
1004,5,1
1004,6,4
1004,7,3
1005,1,2
1005,2,1
1005,3,5
1005,4,3
1005,5,5
1005,6,5
1005,7,2
1006,1,3
1006,2,3
1006,3,1
1006,4,5
1006,5,4
1006,6,5
1006,7,3
1007,1,2
1007,2,1
1007,3,2
1007,4,4
1007,5,3
1007,6,1
1007,7,4
1008,1,2
1008,2,2
1008,3,3
1008,4,3
1008,5,5
1008,6,1
1008,7,5
1009,1,1
1009,2,5
1009,3,2
1009,4,1
1009,5,2
1009,6,1
1009,7,5
1010,1,5
1010,2,2
1010,3,4
1010,4,4
1010,5,4
1010,6,5
1010,7,2
1011,1,1
1011,2,3
1011,3,4
1011,4,4
1011,5,3
1011,6,2
1011,7,3
1012,1,4
1012,2,4
1012,3,5
1012,4,4
1012,5,1
1012,6,1
1012,7,5
1013,1,5
1013,2,1
1013,3,4
1013,4,2
1013,5,4
1013,6,3
1013,7,4
1014,1,3
1014,2,4
1014,3,4
1014,4,2
1014,5,2
1014,6,5
1014,7,4
1015,1,4
1015,2,3
1015,3,4
1015,4,4
1015,5,5
1015,6,5
1015,7,3
1016,1,4
1016,2,2
1016,3,2
1016,4,2
1016,5,1
1016,6,1
1016,7,2
1017,1,4
1017,2,5
1017,3,3
1017,4,1
1017,5,1
1017,6,1
1017,7,3
1018,1,3
1018,2,5
1018,3,5
1018,4,5
1018,5,4
1018,6,2
1018,7,4
1019,1,2
1019,2,5
1019,3,1
1019,4,3
1019,5,1
1019,6,4
1019,7,1
1020,1,4
1020,2,4
1020,3,1
1020,4,1
1020,5,3
1020,6,3
1020,7,2
1021,1,4
1021,2,5
1021,3,4
1021,4,2
1021,5,4
1021,6,2
1021,7,5
1022,1,4
1022,2,3
1022,3,1
1022,4,2
1022,5,1
1022,6,1
1022,7,4
1023,1,4
1023,2,1
1023,3,4
1023,4,4
1023,5,3
1023,6,3
1023,7,1
1024,1,5
1024,2,4
1024,3,3
1024,4,1
1024,5,3
1024,6,1
1024,7,4
1025,1,2
1025,2,3
1025,3,4
1025,4,2
1025,5,5
1025,6,4
1025,7,1
1026,1,3
1026,2,5
1026,3,1
1026,4,2
1026,5,5
1026,6,1
1026,7,2
1027,1,3
1027,2,3
1027,3,5
1027,4,1
1027,5,3
1027,6,4
1027,7,4
1028,1,1
1028,2,2
1028,3,4
1028,4,4
1028,5,1
1028,6,4
1028,7,4
1029,1,3
1029,2,3
1029,3,3
1029,4,2
1029,5,2
1029,6,5
1029,7,3
1030,1,3
1030,2,5
1030,3,1
1030,4,3
1030,5,4
1030,6,2
1030,7,1
1031,1,1
1031,2,5
1031,3,2
1031,4,5
1031,5,5
1031,6,5
1031,7,1
1032,1,4
1032,2,1
1032,3,4
1032,4,5
1032,5,3
1032,6,4
1032,7,3
1033,1,4
1033,2,2
1033,3,2
1033,4,3
1033,5,5
1033,6,5
1033,7,4
1034,1,5
1034,2,1
1034,3,2
1034,4,3
1034,5,3
1034,6,1
1034,7,4
1035,1,1
1035,2,3
1035,3,1
1035,4,4
1035,5,2
1035,6,2
1035,7,4
1036,1,2
1036,2,1
1036,3,2
1036,4,5
1036,5,3
1036,6,3
1036,7,2
1037,1,2
1037,2,3
1037,3,3
1037,4,2
1037,5,5
1037,6,5
1037,7,3
1038,1,1
1038,2,1
1038,3,5
1038,4,1
1038,5,4
1038,6,1
1038,7,5
1039,1,2
1039,2,1
1039,3,2
1039,4,1
1039,5,3
1039,6,2
1039,7,3
1040,1,4
1040,2,3
1040,3,2
1040,4,2
1040,5,3
1040,6,3
1040,7,1
1041,1,3
1041,2,2
1041,3,3
1041,4,2
1041,5,4
1041,6,1
1041,7,5
1042,1,1
1042,2,1
1042,3,1
1042,4,4
1042,5,2
1042,6,2
1042,7,3
1043,1,1
1043,2,5
1043,3,4
1043,4,5
1043,5,3
1043,6,3
1043,7,3
1044,1,1
1044,2,4
1044,3,1
1044,4,5
1044,5,3
1044,6,1
1044,7,3
1045,1,5
1045,2,3
1045,3,4
1045,4,1
1045,5,4
1045,6,3
1045,7,4
1046,1,1
1046,2,4
1046,3,4
1046,4,1
1046,5,3
1046,6,5
1046,7,4
1047,1,4
1047,2,5
1047,3,3
1047,4,3
1047,5,2
1047,6,4
1047,7,3
1048,1,3
1048,2,2
1048,3,4
1048,4,4
1048,5,1
1048,6,4
1048,7,3
1049,1,5
1049,2,4
1049,3,4
1049,4,2
1049,5,2
1049,6,5
1049,7,4
1050,1,4
1050,2,5
1050,3,2
1050,4,3
1050,5,4
1050,6,5
1050,7,1
1051,1,5
1051,2,1
1051,3,1
1051,4,4
1051,5,2
1051,6,1
1051,7,4
1052,1,2
1052,2,1
1052,3,5
1052,4,3
1052,5,1
1052,6,5
1052,7,4
1053,1,4
1053,2,4
1053,3,3
1053,4,4
1053,5,5
1053,6,3
1053,7,4
1054,1,1
1054,2,2
1054,3,3
1054,4,3
1054,5,2
1054,6,2
1054,7,1
1055,1,3
1055,2,4
1055,3,1
1055,4,3
1055,5,5
1055,6,2
1055,7,2
1056,1,4
1056,2,4
1056,3,4
1056,4,5
1056,5,1
1056,6,3
1056,7,2
1057,1,4
1057,2,2
1057,3,3
1057,4,3
1057,5,4
1057,6,5
1057,7,3
1058,1,3
1058,2,4
1058,3,4
1058,4,3
1058,5,4
1058,6,3
1058,7,1
1059,1,5
1059,2,2
1059,3,4
1059,4,5
1059,5,4
1059,6,3
1059,7,5
1060,1,4
1060,2,1
1060,3,1
1060,4,1
1060,5,2
1060,6,3
1060,7,4
1061,1,4
1061,2,3
1061,3,4
1061,4,2
1061,5,2
1061,6,2
1061,7,3
1062,1,3
1062,2,4
1062,3,1
1062,4,4
1062,5,1
1062,6,3
1062,7,2
1063,1,2
1063,2,4
1063,3,4
1063,4,2
1063,5,1
1063,6,1
1063,7,5
1064,1,2
1064,2,5
1064,3,2
1064,4,3
1064,5,2
1064,6,5
1064,7,3
1065,1,1
1065,2,1
1065,3,4
1065,4,2
1065,5,5
1065,6,4
1065,7,1
1066,1,5
1066,2,3
1066,3,3
1066,4,3
1066,5,1
1066,6,4
1066,7,2
1067,1,4
1067,2,4
1067,3,5
1067,4,4
1067,5,5
1067,6,5
1067,7,5
1068,1,3
1068,2,3
1068,3,1
1068,4,4
1068,5,4
1068,6,4
1068,7,4
1069,1,3
1069,2,5
1069,3,5
1069,4,5
1069,5,5
1069,6,2
1069,7,2
1070,1,1
1070,2,2
1070,3,1
1070,4,3
1070,5,2
1070,6,4
1070,7,3
1071,1,4
1071,2,2
1071,3,4
1071,4,4
1071,5,1
1071,6,5
1071,7,5
1072,1,3
1072,2,4
1072,3,2
1072,4,2
1072,5,3
1072,6,1
1072,7,3
1073,1,1
1073,2,2
1073,3,2
1073,4,5
1073,5,1
1073,6,4
1073,7,4
1074,1,1
1074,2,2
1074,3,3
1074,4,5
1074,5,3
1074,6,5
1074,7,1
1075,1,5
1075,2,5
1075,3,3
1075,4,2
1075,5,2
1075,6,4
1075,7,5
1076,1,4
1076,2,1
1076,3,3
1076,4,4
1076,5,5
1076,6,3
1076,7,2
1077,1,4
1077,2,2
1077,3,5
1077,4,1
1077,5,4
1077,6,2
1077,7,2
1078,1,2
1078,2,2
1078,3,1
1078,4,1
1078,5,3
1078,6,5
1078,7,3
1079,1,5
1079,2,5
1079,3,2
1079,4,5
1079,5,1
1079,6,3
1079,7,3
1080,1,2
1080,2,1
1080,3,5
1080,4,5
1080,5,5
1080,6,5
1080,7,1
1081,1,3
1081,2,4
1081,3,4
1081,4,3
1081,5,2
1081,6,4
1081,7,1
1082,1,2
1082,2,2
1082,3,2
1082,4,1
1082,5,2
1082,6,1
1082,7,1
1083,1,1
1083,2,1
1083,3,2
1083,4,3
1083,5,5
1083,6,2
1083,7,1
1084,1,4
1084,2,3
1084,3,2
1084,4,4
1084,5,4
1084,6,1
1084,7,3
1085,1,3
1085,2,5
1085,3,1
1085,4,5
1085,5,5
1085,6,2
1085,7,3
1086,1,5
1086,2,2
1086,3,2
1086,4,4
1086,5,4
1086,6,3
1086,7,1
1087,1,2
1087,2,2
1087,3,1
1087,4,2
1087,5,1
1087,6,2
1087,7,1
1088,1,2
1088,2,3
1088,3,3
1088,4,2
1088,5,3
1088,6,5
1088,7,5
1089,1,2
1089,2,1
1089,3,4
1089,4,5
1089,5,5
1089,6,4
1089,7,4
1090,1,1
1090,2,5
1090,3,1
1090,4,2
1090,5,1
1090,6,5
1090,7,4
1091,1,4
1091,2,4
1091,3,3
1091,4,3
1091,5,5
1091,6,3
1091,7,4
1092,1,1
1092,2,1
1092,3,3
1092,4,4
1092,5,1
1092,6,1
1092,7,5
1093,1,5
1093,2,2
1093,3,3
1093,4,5
1093,5,4
1093,6,1
1093,7,3
1094,1,1
1094,2,5
1094,3,2
1094,4,3
1094,5,2
1094,6,2
1094,7,2
1095,1,5
1095,2,2
1095,3,4
1095,4,3
1095,5,5
1095,6,4
1095,7,5
1096,1,2
1096,2,3
1096,3,5
1096,4,5
1096,5,5
1096,6,4
1096,7,2
1097,1,4
1097,2,4
1097,3,2
1097,4,2
1097,5,4
1097,6,4
1097,7,3
1098,1,5
1098,2,1
1098,3,5
1098,4,4
1098,5,4
1098,6,3
1098,7,2
1099,1,1
1099,2,2
1099,3,1
1099,4,5
1099,5,2
1099,6,1
1099,7,1
1100,1,5
1100,2,5
1100,3,5
1100,4,4
1100,5,4
1100,6,1
1100,7,4
1101,1,3
1101,2,4
1101,3,3
1101,4,2
1101,5,2
1101,6,2
1101,7,1
1102,1,5
1102,2,2
1102,3,2
1102,4,2
1102,5,1
1102,6,3
1102,7,1
1103,1,4
1103,2,5
1103,3,3
1103,4,5
1103,5,4
1103,6,3
1103,7,3
1104,1,1
1104,2,4
1104,3,3
1104,4,3
1104,5,3
1104,6,1
1104,7,1
1105,1,5
1105,2,2
1105,3,2
1105,4,1
1105,5,3
1105,6,2
1105,7,3
1106,1,2
1106,2,1
1106,3,3
1106,4,3
1106,5,1
1106,6,2
1106,7,3
1107,1,5
1107,2,1
1107,3,5
1107,4,3
1107,5,2
1107,6,3
1107,7,5
1108,1,3
1108,2,5
1108,3,2
1108,4,4
1108,5,1
1108,6,4
1108,7,2
1109,1,3
1109,2,3
1109,3,1
1109,4,2
1109,5,3
1109,6,2
1109,7,1
1110,1,5
1110,2,2
1110,3,1
1110,4,2
1110,5,4
1110,6,4
1110,7,4
1111,1,3
1111,2,4
1111,3,5
1111,4,5
1111,5,3
1111,6,4
1111,7,2
1112,1,2
1112,2,4
1112,3,4
1112,4,4
1112,5,3
1112,6,5
1112,7,5
1113,1,5
1113,2,4
1113,3,5
1113,4,3
1113,5,4
1113,6,2
1113,7,3
1114,1,3
1114,2,5
1114,3,1
1114,4,2
1114,5,3
1114,6,1
1114,7,1
1115,1,4
1115,2,1
1115,3,1
1115,4,2
1115,5,5
1115,6,5
1115,7,1
1116,1,2
1116,2,1
1116,3,3
1116,4,5
1116,5,2
1116,6,4
1116,7,4
1117,1,5
1117,2,2
1117,3,2
1117,4,1
1117,5,1
1117,6,2
1117,7,5
1118,1,4
1118,2,4
1118,3,4
1118,4,5
1118,5,1
1118,6,3
1118,7,3
1119,1,5
1119,2,5
1119,3,3
1119,4,1
1119,5,4
1119,6,5
1119,7,4
1120,1,3
1120,2,4
1120,3,1
1120,4,5
1120,5,4
1120,6,1
1120,7,1
1121,1,5
1121,2,1
1121,3,3
1121,4,1
1121,5,4
1121,6,1
1121,7,1
1122,1,1
1122,2,3
1122,3,4
1122,4,2
1122,5,4
1122,6,1
1122,7,2
1123,1,1
1123,2,2
1123,3,3
1123,4,1
1123,5,5
1123,6,3
1123,7,5
1124,1,5
1124,2,2
1124,3,3
1124,4,4
1124,5,3
1124,6,3
1124,7,2
1125,1,3
1125,2,5
1125,3,2
1125,4,1
1125,5,3
1125,6,5
1125,7,5
1126,1,1
1126,2,5
1126,3,2
1126,4,1
1126,5,1
1126,6,4
1126,7,4
1127,1,3
1127,2,4
1127,3,2
1127,4,1
1127,5,3
1127,6,5
1127,7,5
1128,1,1
1128,2,1
1128,3,5
1128,4,4
1128,5,5
1128,6,2
1128,7,1
1129,1,5
1129,2,4
1129,3,1
1129,4,3
1129,5,2
1129,6,3
1129,7,5
1130,1,5
1130,2,4
1130,3,1
1130,4,4
1130,5,3
1130,6,1
1130,7,4
1131,1,5
1131,2,2
1131,3,3
1131,4,5
1131,5,5
1131,6,1
1131,7,5
1132,1,3
1132,2,3
1132,3,1
1132,4,2
1132,5,2
1132,6,5
1132,7,5
1133,1,1
1133,2,5
1133,3,3
1133,4,1
1133,5,2
1133,6,1
1133,7,1
1134,1,1
1134,2,3
1134,3,2
1134,4,5
1134,5,1
1134,6,1
1134,7,5
1135,1,3
1135,2,2
1135,3,3
1135,4,4
1135,5,1
1135,6,2
1135,7,3
1136,1,1
1136,2,2
1136,3,1
1136,4,1
1136,5,3
1136,6,1
1136,7,5
1137,1,3
1137,2,2
1137,3,4
1137,4,3
1137,5,5
1137,6,4
1137,7,3
1138,1,3
1138,2,4
1138,3,4
1138,4,2
1138,5,4
1138,6,1
1138,7,5
1139,1,3
1139,2,2
1139,3,1
1139,4,1
1139,5,2
1139,6,5
1139,7,3
1140,1,2
1140,2,3
1140,3,2
1140,4,4
1140,5,5
1140,6,1
1140,7,2
1141,1,4
1141,2,5
1141,3,4
1141,4,5
1141,5,3
1141,6,3
1141,7,3
1142,1,5
1142,2,1
1142,3,3
1142,4,1
1142,5,1
1142,6,3
1142,7,1
1143,1,3
1143,2,4
1143,3,4
1143,4,1
1143,5,2
1143,6,1
1143,7,4
1144,1,2
1144,2,3
1144,3,4
1144,4,1
1144,5,3
1144,6,4
1144,7,4
1145,1,3
1145,2,2
1145,3,2
1145,4,5
1145,5,5
1145,6,3
1145,7,3
1146,1,3
1146,2,2
1146,3,3
1146,4,5
1146,5,5
1146,6,1
1146,7,5
1147,1,5
1147,2,5
1147,3,4
1147,4,4
1147,5,4
1147,6,5
1147,7,3
1148,1,2
1148,2,5
1148,3,3
1148,4,1
1148,5,2
1148,6,3
1148,7,3
1149,1,3
1149,2,5
1149,3,2
1149,4,4
1149,5,1
1149,6,5
1149,7,4
1150,1,2
1150,2,5
1150,3,4
1150,4,5
1150,5,5
1150,6,3
1150,7,1
1151,1,3
1151,2,4
1151,3,1
1151,4,5
1151,5,1
1151,6,2
1151,7,3
1152,1,3
1152,2,2
1152,3,5
1152,4,1
1152,5,3
1152,6,1
1152,7,1
1153,1,1
1153,2,2
1153,3,5
1153,4,1
1153,5,2
1153,6,3
1153,7,5
1154,1,2
1154,2,3
1154,3,3
1154,4,5
1154,5,4
1154,6,3
1154,7,5
1155,1,5
1155,2,1
1155,3,1
1155,4,5
1155,5,3
1155,6,4
1155,7,3
1156,1,3
1156,2,2
1156,3,2
1156,4,5
1156,5,2
1156,6,5
1156,7,3
1157,1,2
1157,2,4
1157,3,4
1157,4,1
1157,5,2
1157,6,1
1157,7,1
1158,1,2
1158,2,4
1158,3,3
1158,4,2
1158,5,4
1158,6,2
1158,7,3
1159,1,2
1159,2,5
1159,3,2
1159,4,5
1159,5,1
1159,6,5
1159,7,5
1160,1,2
1160,2,5
1160,3,4
1160,4,5
1160,5,4
1160,6,4
1160,7,3
1161,1,3
1161,2,4
1161,3,3
1161,4,5
1161,5,3
1161,6,5
1161,7,1
1162,1,1
1162,2,2
1162,3,5
1162,4,5
1162,5,5
1162,6,2
1162,7,1
1163,1,4
1163,2,1
1163,3,2
1163,4,5
1163,5,2
1163,6,2
1163,7,4
1164,1,4
1164,2,1
1164,3,1
1164,4,3
1164,5,1
1164,6,5
1164,7,3
1165,1,3
1165,2,3
1165,3,3
1165,4,2
1165,5,4
1165,6,1
1165,7,2
1166,1,4
1166,2,2
1166,3,2
1166,4,2
1166,5,3
1166,6,4
1166,7,5
1167,1,3
1167,2,5
1167,3,4
1167,4,1
1167,5,3
1167,6,1
1167,7,3
1168,1,4
1168,2,4
1168,3,2
1168,4,3
1168,5,4
1168,6,4
1168,7,3
1169,1,4
1169,2,1
1169,3,2
1169,4,2
1169,5,4
1169,6,4
1169,7,1
1170,1,4
1170,2,2
1170,3,4
1170,4,1
1170,5,3
1170,6,1
1170,7,2
1171,1,3
1171,2,1
1171,3,1
1171,4,1
1171,5,2
1171,6,3
1171,7,3
1172,1,2
1172,2,1
1172,3,3
1172,4,1
1172,5,3
1172,6,5
1172,7,4
1173,1,3
1173,2,1
1173,3,2
1173,4,3
1173,5,3
1173,6,5
1173,7,2
1174,1,1
1174,2,1
1174,3,4
1174,4,2
1174,5,4
1174,6,4
1174,7,3
1175,1,5
1175,2,5
1175,3,4
1175,4,5
1175,5,4
1175,6,4
1175,7,1
1176,1,3
1176,2,2
1176,3,1
1176,4,2
1176,5,2
1176,6,4
1176,7,2
1177,1,4
1177,2,5
1177,3,1
1177,4,1
1177,5,3
1177,6,5
1177,7,3
1178,1,3
1178,2,3
1178,3,2
1178,4,3
1178,5,4
1178,6,3
1178,7,1
1179,1,4
1179,2,2
1179,3,2
1179,4,1
1179,5,1
1179,6,1
1179,7,1
1180,1,3
1180,2,5
1180,3,3
1180,4,1
1180,5,5
1180,6,2
1180,7,4
1181,1,5
1181,2,3
1181,3,2
1181,4,1
1181,5,3
1181,6,5
1181,7,2
1182,1,5
1182,2,5
1182,3,3
1182,4,3
1182,5,4
1182,6,2
1182,7,2
1183,1,5
1183,2,2
1183,3,2
1183,4,1
1183,5,2
1183,6,1
1183,7,1
1184,1,5
1184,2,2
1184,3,1
1184,4,3
1184,5,1
1184,6,2
1184,7,2
1185,1,5
1185,2,2
1185,3,5
1185,4,1
1185,5,2
1185,6,1
1185,7,5
1186,1,3
1186,2,2
1186,3,5
1186,4,4
1186,5,2
1186,6,1
1186,7,1
1187,1,5
1187,2,1
1187,3,5
1187,4,4
1187,5,3
1187,6,3
1187,7,1
1188,1,4
1188,2,1
1188,3,5
1188,4,1
1188,5,2
1188,6,5
1188,7,2
1189,1,1
1189,2,5
1189,3,3
1189,4,5
1189,5,1
1189,6,1
1189,7,4
1190,1,4
1190,2,3
1190,3,5
1190,4,2
1190,5,1
1190,6,3
1190,7,3
1191,1,1
1191,2,4
1191,3,4
1191,4,1
1191,5,3
1191,6,1
1191,7,5
1192,1,1
1192,2,1
1192,3,2
1192,4,4
1192,5,1
1192,6,4
1192,7,3
1193,1,2
1193,2,1
1193,3,1
1193,4,2
1193,5,3
1193,6,1
1193,7,4
1194,1,3
1194,2,5
1194,3,1
1194,4,5
1194,5,3
1194,6,3
1194,7,2
1195,1,1
1195,2,5
1195,3,2
1195,4,1
1195,5,3
1195,6,5
1195,7,3
1196,1,5
1196,2,4
1196,3,5
1196,4,5
1196,5,2
1196,6,3
1196,7,1
1197,1,1
1197,2,5
1197,3,5
1197,4,1
1197,5,2
1197,6,1
1197,7,5
1198,1,4
1198,2,2
1198,3,2
1198,4,2
1198,5,5
1198,6,1
1198,7,3
1199,1,4
1199,2,5
1199,3,4
1199,4,5
1199,5,1
1199,6,3
1199,7,4
1200,1,5
1200,2,4
1200,3,2
1200,4,5
1200,5,5
1200,6,2
1200,7,3
